asset,scheme,scheme_id,sample_index,date,pred_class_name,true_class_name,correct,row_index,row_name,row_type,mean_abs_shap,group,symbol
PennyStocks:ARA,BCV-PU,loocv_undersampled_ratio2.0,2403,2023-04-27,Hold,Hold,True,1,WilliamsR,technical,0.022543615962786135,PennyStocks,ARA
PennyStocks:ARA,BCV-PU,loocv_undersampled_ratio2.0,2403,2023-04-27,Hold,Hold,True,18,Purchasing Power of Peso,macro,0.011538306341390126,PennyStocks,ARA
PennyStocks:ARA,BCV-PU,loocv_undersampled_ratio2.0,2403,2023-04-27,Hold,Hold,True,12,CMFI,technical,0.009081623674137517,PennyStocks,ARA
PennyStocks:ARA,BCV-PU,loocv_undersampled_ratio2.0,2403,2023-04-27,Hold,Hold,True,17,Inflation Rate,macro,0.00818447352066869,PennyStocks,ARA
PennyStocks:ARA,BCV-PU,loocv_undersampled_ratio2.0,2403,2023-04-27,Hold,Hold,True,19,Reverse Repurchase Rate (RRP),macro,0.008140205341624096,PennyStocks,ARA
PennyStocks:ARA,BCV-PU,loocv_undersampled_ratio2.0,2403,2023-04-27,Hold,Hold,True,15,Oil,macro,0.007470744701276999,PennyStocks,ARA
PennyStocks:ARA,BCV-PU,loocv_undersampled_ratio2.0,2403,2023-04-27,Hold,Hold,True,6,TripleEMA,technical,0.0074697837480925955,PennyStocks,ARA
PennyStocks:ARA,BCV-PU,loocv_undersampled_ratio2.0,2403,2023-04-27,Hold,Hold,True,2,SMA,technical,0.0062500527070369575,PennyStocks,ARA
PennyStocks:ARA,BCV-PU,loocv_undersampled_ratio2.0,2403,2023-04-27,Hold,Hold,True,16,Gold,macro,0.006200778973288834,PennyStocks,ARA
PennyStocks:ARA,BCV-PU,loocv_undersampled_ratio2.0,2403,2023-04-27,Hold,Hold,True,3,EMA,technical,0.004180878524493892,PennyStocks,ARA
PennyStocks:ARA,BCV-PU,loocv_undersampled_ratio2.0,2403,2023-04-27,Hold,Hold,True,5,HMA,technical,0.0035206856075092217,PennyStocks,ARA
PennyStocks:ARA,BCV-PU,loocv_undersampled_ratio2.0,2403,2023-04-27,Hold,Hold,True,4,WMA,technical,0.003076812898507342,PennyStocks,ARA
PennyStocks:ARA,BCV-PU,loocv_undersampled_ratio2.0,2403,2023-04-27,Hold,Hold,True,7,CCI,technical,0.0028472642312408424,PennyStocks,ARA
PennyStocks:ARA,BCV-PU,loocv_undersampled_ratio2.0,2403,2023-04-27,Hold,Hold,True,8,CMO,technical,0.002798923112277407,PennyStocks,ARA
PennyStocks:ARA,BCV-PU,loocv_undersampled_ratio2.0,2403,2023-04-27,Hold,Hold,True,0,RSI,technical,0.0027303728558763394,PennyStocks,ARA
PennyStocks:ARA,BCV-PU,loocv_undersampled_ratio2.0,2403,2023-04-27,Hold,Hold,True,13,DMI,technical,0.002699770943763724,PennyStocks,ARA
PennyStocks:ARA,BCV-PU,loocv_undersampled_ratio2.0,2403,2023-04-27,Hold,Hold,True,14,PSI,technical,0.002519306542308186,PennyStocks,ARA
PennyStocks:ARA,BCV-PU,loocv_undersampled_ratio2.0,2403,2023-04-27,Hold,Hold,True,9,MACD,technical,0.001581600320423604,PennyStocks,ARA
PennyStocks:ARA,BCV-PU,loocv_undersampled_ratio2.0,2403,2023-04-27,Hold,Hold,True,10,PPO,technical,0.0013893376228224952,PennyStocks,ARA
PennyStocks:ARA,BCV-PU,loocv_undersampled_ratio2.0,2403,2023-04-27,Hold,Hold,True,11,ROC,technical,0.0006913621936291747,PennyStocks,ARA
PennyStocks:ARA,BCV-PU,loocv_undersampled_ratio2.0,2420,2023-05-24,Hold,Hold,True,17,Inflation Rate,macro,0.008301722459145821,PennyStocks,ARA
PennyStocks:ARA,BCV-PU,loocv_undersampled_ratio2.0,2420,2023-05-24,Hold,Hold,True,18,Purchasing Power of Peso,macro,0.008186425233725458,PennyStocks,ARA
PennyStocks:ARA,BCV-PU,loocv_undersampled_ratio2.0,2420,2023-05-24,Hold,Hold,True,6,TripleEMA,technical,0.008060658322938253,PennyStocks,ARA
PennyStocks:ARA,BCV-PU,loocv_undersampled_ratio2.0,2420,2023-05-24,Hold,Hold,True,8,CMO,technical,0.007717655284432112,PennyStocks,ARA
PennyStocks:ARA,BCV-PU,loocv_undersampled_ratio2.0,2420,2023-05-24,Hold,Hold,True,16,Gold,macro,0.006988245927095705,PennyStocks,ARA
PennyStocks:ARA,BCV-PU,loocv_undersampled_ratio2.0,2420,2023-05-24,Hold,Hold,True,7,CCI,technical,0.006781574948377056,PennyStocks,ARA
PennyStocks:ARA,BCV-PU,loocv_undersampled_ratio2.0,2420,2023-05-24,Hold,Hold,True,12,CMFI,technical,0.006219363137370237,PennyStocks,ARA
PennyStocks:ARA,BCV-PU,loocv_undersampled_ratio2.0,2420,2023-05-24,Hold,Hold,True,19,Reverse Repurchase Rate (RRP),macro,0.005762392269389238,PennyStocks,ARA
PennyStocks:ARA,BCV-PU,loocv_undersampled_ratio2.0,2420,2023-05-24,Hold,Hold,True,15,Oil,macro,0.0048372222989200965,PennyStocks,ARA
PennyStocks:ARA,BCV-PU,loocv_undersampled_ratio2.0,2420,2023-05-24,Hold,Hold,True,1,WilliamsR,technical,0.004811612232424522,PennyStocks,ARA
PennyStocks:ARA,BCV-PU,loocv_undersampled_ratio2.0,2420,2023-05-24,Hold,Hold,True,2,SMA,technical,0.004729104126340644,PennyStocks,ARA
PennyStocks:ARA,BCV-PU,loocv_undersampled_ratio2.0,2420,2023-05-24,Hold,Hold,True,3,EMA,technical,0.004298206124076387,PennyStocks,ARA
PennyStocks:ARA,BCV-PU,loocv_undersampled_ratio2.0,2420,2023-05-24,Hold,Hold,True,5,HMA,technical,0.00415671136797755,PennyStocks,ARA
PennyStocks:ARA,BCV-PU,loocv_undersampled_ratio2.0,2420,2023-05-24,Hold,Hold,True,4,WMA,technical,0.0027411239832872527,PennyStocks,ARA
PennyStocks:ARA,BCV-PU,loocv_undersampled_ratio2.0,2420,2023-05-24,Hold,Hold,True,0,RSI,technical,0.002642273870151257,PennyStocks,ARA
PennyStocks:ARA,BCV-PU,loocv_undersampled_ratio2.0,2420,2023-05-24,Hold,Hold,True,14,PSI,technical,0.0023184919596587862,PennyStocks,ARA
PennyStocks:ARA,BCV-PU,loocv_undersampled_ratio2.0,2420,2023-05-24,Hold,Hold,True,13,DMI,technical,0.0016436007877246085,PennyStocks,ARA
PennyStocks:ARA,BCV-PU,loocv_undersampled_ratio2.0,2420,2023-05-24,Hold,Hold,True,10,PPO,technical,0.001368483528494835,PennyStocks,ARA
PennyStocks:ARA,BCV-PU,loocv_undersampled_ratio2.0,2420,2023-05-24,Hold,Hold,True,9,MACD,technical,0.0010947199691145216,PennyStocks,ARA
PennyStocks:ARA,BCV-PU,loocv_undersampled_ratio2.0,2420,2023-05-24,Hold,Hold,True,11,ROC,technical,0.000783819700609456,PennyStocks,ARA
PennyStocks:ARA,BCV-PU,loocv_undersampled_ratio2.0,2440,2023-06-23,Hold,Hold,True,1,WilliamsR,technical,0.010205226502148435,PennyStocks,ARA
PennyStocks:ARA,BCV-PU,loocv_undersampled_ratio2.0,2440,2023-06-23,Hold,Hold,True,18,Purchasing Power of Peso,macro,0.008600058645242825,PennyStocks,ARA
PennyStocks:ARA,BCV-PU,loocv_undersampled_ratio2.0,2440,2023-06-23,Hold,Hold,True,6,TripleEMA,technical,0.008052713342476637,PennyStocks,ARA
PennyStocks:ARA,BCV-PU,loocv_undersampled_ratio2.0,2440,2023-06-23,Hold,Hold,True,12,CMFI,technical,0.007779792689689202,PennyStocks,ARA
PennyStocks:ARA,BCV-PU,loocv_undersampled_ratio2.0,2440,2023-06-23,Hold,Hold,True,19,Reverse Repurchase Rate (RRP),macro,0.00714108199790644,PennyStocks,ARA
PennyStocks:ARA,BCV-PU,loocv_undersampled_ratio2.0,2440,2023-06-23,Hold,Hold,True,2,SMA,technical,0.0053253727230185175,PennyStocks,ARA
PennyStocks:ARA,BCV-PU,loocv_undersampled_ratio2.0,2440,2023-06-23,Hold,Hold,True,17,Inflation Rate,macro,0.005207029022858478,PennyStocks,ARA
PennyStocks:ARA,BCV-PU,loocv_undersampled_ratio2.0,2440,2023-06-23,Hold,Hold,True,3,EMA,technical,0.004694459482561797,PennyStocks,ARA
PennyStocks:ARA,BCV-PU,loocv_undersampled_ratio2.0,2440,2023-06-23,Hold,Hold,True,15,Oil,macro,0.004499105683498783,PennyStocks,ARA
PennyStocks:ARA,BCV-PU,loocv_undersampled_ratio2.0,2440,2023-06-23,Hold,Hold,True,5,HMA,technical,0.004052579366543796,PennyStocks,ARA
PennyStocks:ARA,BCV-PU,loocv_undersampled_ratio2.0,2440,2023-06-23,Hold,Hold,True,8,CMO,technical,0.003683246440050425,PennyStocks,ARA
PennyStocks:ARA,BCV-PU,loocv_undersampled_ratio2.0,2440,2023-06-23,Hold,Hold,True,7,CCI,technical,0.003534644282535737,PennyStocks,ARA
PennyStocks:ARA,BCV-PU,loocv_undersampled_ratio2.0,2440,2023-06-23,Hold,Hold,True,4,WMA,technical,0.0033265154903347137,PennyStocks,ARA
PennyStocks:ARA,BCV-PU,loocv_undersampled_ratio2.0,2440,2023-06-23,Hold,Hold,True,14,PSI,technical,0.002938867884586216,PennyStocks,ARA
PennyStocks:ARA,BCV-PU,loocv_undersampled_ratio2.0,2440,2023-06-23,Hold,Hold,True,16,Gold,macro,0.002599472524889279,PennyStocks,ARA
PennyStocks:ARA,BCV-PU,loocv_undersampled_ratio2.0,2440,2023-06-23,Hold,Hold,True,13,DMI,technical,0.002047022297483636,PennyStocks,ARA
PennyStocks:ARA,BCV-PU,loocv_undersampled_ratio2.0,2440,2023-06-23,Hold,Hold,True,10,PPO,technical,0.001294591147598112,PennyStocks,ARA
PennyStocks:ARA,BCV-PU,loocv_undersampled_ratio2.0,2440,2023-06-23,Hold,Hold,True,9,MACD,technical,0.0010526746124924103,PennyStocks,ARA
PennyStocks:ARA,BCV-PU,loocv_undersampled_ratio2.0,2440,2023-06-23,Hold,Hold,True,0,RSI,technical,0.0010346187294999255,PennyStocks,ARA
PennyStocks:ARA,BCV-PU,loocv_undersampled_ratio2.0,2440,2023-06-23,Hold,Hold,True,11,ROC,technical,0.0004952551941642014,PennyStocks,ARA
PennyStocks:ARA,BCV-PU,loocv_undersampled_ratio2.0,2487,2023-09-04,Hold,Hold,True,7,CCI,technical,0.01301755951863015,PennyStocks,ARA
PennyStocks:ARA,BCV-PU,loocv_undersampled_ratio2.0,2487,2023-09-04,Hold,Hold,True,6,TripleEMA,technical,0.012046663506771438,PennyStocks,ARA
PennyStocks:ARA,BCV-PU,loocv_undersampled_ratio2.0,2487,2023-09-04,Hold,Hold,True,18,Purchasing Power of Peso,macro,0.010501906371791847,PennyStocks,ARA
PennyStocks:ARA,BCV-PU,loocv_undersampled_ratio2.0,2487,2023-09-04,Hold,Hold,True,14,PSI,technical,0.008947748877108096,PennyStocks,ARA
PennyStocks:ARA,BCV-PU,loocv_undersampled_ratio2.0,2487,2023-09-04,Hold,Hold,True,15,Oil,macro,0.0076482051561470145,PennyStocks,ARA
PennyStocks:ARA,BCV-PU,loocv_undersampled_ratio2.0,2487,2023-09-04,Hold,Hold,True,19,Reverse Repurchase Rate (RRP),macro,0.00691383362718625,PennyStocks,ARA
PennyStocks:ARA,BCV-PU,loocv_undersampled_ratio2.0,2487,2023-09-04,Hold,Hold,True,12,CMFI,technical,0.006281549593404634,PennyStocks,ARA
PennyStocks:ARA,BCV-PU,loocv_undersampled_ratio2.0,2487,2023-09-04,Hold,Hold,True,2,SMA,technical,0.005851697889738716,PennyStocks,ARA
PennyStocks:ARA,BCV-PU,loocv_undersampled_ratio2.0,2487,2023-09-04,Hold,Hold,True,5,HMA,technical,0.0051821690372889865,PennyStocks,ARA
PennyStocks:ARA,BCV-PU,loocv_undersampled_ratio2.0,2487,2023-09-04,Hold,Hold,True,1,WilliamsR,technical,0.004972467928018887,PennyStocks,ARA
PennyStocks:ARA,BCV-PU,loocv_undersampled_ratio2.0,2487,2023-09-04,Hold,Hold,True,17,Inflation Rate,macro,0.004622213288530475,PennyStocks,ARA
PennyStocks:ARA,BCV-PU,loocv_undersampled_ratio2.0,2487,2023-09-04,Hold,Hold,True,8,CMO,technical,0.004616204662670498,PennyStocks,ARA
PennyStocks:ARA,BCV-PU,loocv_undersampled_ratio2.0,2487,2023-09-04,Hold,Hold,True,4,WMA,technical,0.003899446255672956,PennyStocks,ARA
PennyStocks:ARA,BCV-PU,loocv_undersampled_ratio2.0,2487,2023-09-04,Hold,Hold,True,3,EMA,technical,0.0037086554300913123,PennyStocks,ARA
PennyStocks:ARA,BCV-PU,loocv_undersampled_ratio2.0,2487,2023-09-04,Hold,Hold,True,13,DMI,technical,0.003328667716232303,PennyStocks,ARA
PennyStocks:ARA,BCV-PU,loocv_undersampled_ratio2.0,2487,2023-09-04,Hold,Hold,True,16,Gold,macro,0.0024241130013251677,PennyStocks,ARA
PennyStocks:ARA,BCV-PU,loocv_undersampled_ratio2.0,2487,2023-09-04,Hold,Hold,True,9,MACD,technical,0.0017919717909535393,PennyStocks,ARA
PennyStocks:ARA,BCV-PU,loocv_undersampled_ratio2.0,2487,2023-09-04,Hold,Hold,True,0,RSI,technical,0.0016410839452419169,PennyStocks,ARA
PennyStocks:ARA,BCV-PU,loocv_undersampled_ratio2.0,2487,2023-09-04,Hold,Hold,True,11,ROC,technical,0.001507780342035403,PennyStocks,ARA
PennyStocks:ARA,BCV-PU,loocv_undersampled_ratio2.0,2487,2023-09-04,Hold,Hold,True,10,PPO,technical,0.0012281339043511252,PennyStocks,ARA
PennyStocks:ARA,BCV-PU,loocv_undersampled_ratio2.0,2494,2023-09-13,Hold,Hold,True,12,CMFI,technical,0.011627804475574521,PennyStocks,ARA
PennyStocks:ARA,BCV-PU,loocv_undersampled_ratio2.0,2494,2023-09-13,Hold,Hold,True,18,Purchasing Power of Peso,macro,0.01051250902673928,PennyStocks,ARA
PennyStocks:ARA,BCV-PU,loocv_undersampled_ratio2.0,2494,2023-09-13,Hold,Hold,True,1,WilliamsR,technical,0.010412415859173052,PennyStocks,ARA
PennyStocks:ARA,BCV-PU,loocv_undersampled_ratio2.0,2494,2023-09-13,Hold,Hold,True,19,Reverse Repurchase Rate (RRP),macro,0.008458921956480481,PennyStocks,ARA
PennyStocks:ARA,BCV-PU,loocv_undersampled_ratio2.0,2494,2023-09-13,Hold,Hold,True,15,Oil,macro,0.00795967532612849,PennyStocks,ARA
PennyStocks:ARA,BCV-PU,loocv_undersampled_ratio2.0,2494,2023-09-13,Hold,Hold,True,8,CMO,technical,0.007372763312014285,PennyStocks,ARA
PennyStocks:ARA,BCV-PU,loocv_undersampled_ratio2.0,2494,2023-09-13,Hold,Hold,True,7,CCI,technical,0.007146144445505343,PennyStocks,ARA
PennyStocks:ARA,BCV-PU,loocv_undersampled_ratio2.0,2494,2023-09-13,Hold,Hold,True,0,RSI,technical,0.005348019096709322,PennyStocks,ARA
PennyStocks:ARA,BCV-PU,loocv_undersampled_ratio2.0,2494,2023-09-13,Hold,Hold,True,17,Inflation Rate,macro,0.005335016045637531,PennyStocks,ARA
PennyStocks:ARA,BCV-PU,loocv_undersampled_ratio2.0,2494,2023-09-13,Hold,Hold,True,10,PPO,technical,0.0052740586455911394,PennyStocks,ARA
PennyStocks:ARA,BCV-PU,loocv_undersampled_ratio2.0,2494,2023-09-13,Hold,Hold,True,2,SMA,technical,0.004999213499831967,PennyStocks,ARA
PennyStocks:ARA,BCV-PU,loocv_undersampled_ratio2.0,2494,2023-09-13,Hold,Hold,True,6,TripleEMA,technical,0.004942664267764485,PennyStocks,ARA
PennyStocks:ARA,BCV-PU,loocv_undersampled_ratio2.0,2494,2023-09-13,Hold,Hold,True,3,EMA,technical,0.004587706492748112,PennyStocks,ARA
PennyStocks:ARA,BCV-PU,loocv_undersampled_ratio2.0,2494,2023-09-13,Hold,Hold,True,9,MACD,technical,0.004417331874719821,PennyStocks,ARA
PennyStocks:ARA,BCV-PU,loocv_undersampled_ratio2.0,2494,2023-09-13,Hold,Hold,True,11,ROC,technical,0.003670072299064486,PennyStocks,ARA
PennyStocks:ARA,BCV-PU,loocv_undersampled_ratio2.0,2494,2023-09-13,Hold,Hold,True,5,HMA,technical,0.003182736960297916,PennyStocks,ARA
PennyStocks:ARA,BCV-PU,loocv_undersampled_ratio2.0,2494,2023-09-13,Hold,Hold,True,4,WMA,technical,0.0027443698759270774,PennyStocks,ARA
PennyStocks:ARA,BCV-PU,loocv_undersampled_ratio2.0,2494,2023-09-13,Hold,Hold,True,14,PSI,technical,0.002616101929015713,PennyStocks,ARA
PennyStocks:ARA,BCV-PU,loocv_undersampled_ratio2.0,2494,2023-09-13,Hold,Hold,True,16,Gold,macro,0.002405516653379891,PennyStocks,ARA
PennyStocks:ARA,BCV-PU,loocv_undersampled_ratio2.0,2494,2023-09-13,Hold,Hold,True,13,DMI,technical,0.0020380849768116605,PennyStocks,ARA
PennyStocks:ARA,BCV-PU,loocv_undersampled_ratio2.0,2495,2023-09-14,Hold,Hold,True,8,CMO,technical,0.010430870193522424,PennyStocks,ARA
PennyStocks:ARA,BCV-PU,loocv_undersampled_ratio2.0,2495,2023-09-14,Hold,Hold,True,1,WilliamsR,technical,0.010240310154040344,PennyStocks,ARA
PennyStocks:ARA,BCV-PU,loocv_undersampled_ratio2.0,2495,2023-09-14,Hold,Hold,True,12,CMFI,technical,0.009999440483807121,PennyStocks,ARA
PennyStocks:ARA,BCV-PU,loocv_undersampled_ratio2.0,2495,2023-09-14,Hold,Hold,True,15,Oil,macro,0.008462477462489914,PennyStocks,ARA
PennyStocks:ARA,BCV-PU,loocv_undersampled_ratio2.0,2495,2023-09-14,Hold,Hold,True,18,Purchasing Power of Peso,macro,0.008226655534235761,PennyStocks,ARA
PennyStocks:ARA,BCV-PU,loocv_undersampled_ratio2.0,2495,2023-09-14,Hold,Hold,True,19,Reverse Repurchase Rate (RRP),macro,0.00792275982676074,PennyStocks,ARA
PennyStocks:ARA,BCV-PU,loocv_undersampled_ratio2.0,2495,2023-09-14,Hold,Hold,True,10,PPO,technical,0.006658250489272178,PennyStocks,ARA
PennyStocks:ARA,BCV-PU,loocv_undersampled_ratio2.0,2495,2023-09-14,Hold,Hold,True,7,CCI,technical,0.006312496663304046,PennyStocks,ARA
PennyStocks:ARA,BCV-PU,loocv_undersampled_ratio2.0,2495,2023-09-14,Hold,Hold,True,0,RSI,technical,0.006099549192731502,PennyStocks,ARA
PennyStocks:ARA,BCV-PU,loocv_undersampled_ratio2.0,2495,2023-09-14,Hold,Hold,True,11,ROC,technical,0.005861749205178057,PennyStocks,ARA
PennyStocks:ARA,BCV-PU,loocv_undersampled_ratio2.0,2495,2023-09-14,Hold,Hold,True,6,TripleEMA,technical,0.005419027495372574,PennyStocks,ARA
PennyStocks:ARA,BCV-PU,loocv_undersampled_ratio2.0,2495,2023-09-14,Hold,Hold,True,17,Inflation Rate,macro,0.005362403961044038,PennyStocks,ARA
PennyStocks:ARA,BCV-PU,loocv_undersampled_ratio2.0,2495,2023-09-14,Hold,Hold,True,2,SMA,technical,0.004881450033462897,PennyStocks,ARA
PennyStocks:ARA,BCV-PU,loocv_undersampled_ratio2.0,2495,2023-09-14,Hold,Hold,True,3,EMA,technical,0.004596741663408466,PennyStocks,ARA
PennyStocks:ARA,BCV-PU,loocv_undersampled_ratio2.0,2495,2023-09-14,Hold,Hold,True,9,MACD,technical,0.0035332725647094776,PennyStocks,ARA
PennyStocks:ARA,BCV-PU,loocv_undersampled_ratio2.0,2495,2023-09-14,Hold,Hold,True,14,PSI,technical,0.002990791048796382,PennyStocks,ARA
PennyStocks:ARA,BCV-PU,loocv_undersampled_ratio2.0,2495,2023-09-14,Hold,Hold,True,5,HMA,technical,0.002966788225421624,PennyStocks,ARA
PennyStocks:ARA,BCV-PU,loocv_undersampled_ratio2.0,2495,2023-09-14,Hold,Hold,True,4,WMA,technical,0.0024180214262742084,PennyStocks,ARA
PennyStocks:ARA,BCV-PU,loocv_undersampled_ratio2.0,2495,2023-09-14,Hold,Hold,True,16,Gold,macro,0.0016815224138554186,PennyStocks,ARA
PennyStocks:ARA,BCV-PU,loocv_undersampled_ratio2.0,2495,2023-09-14,Hold,Hold,True,13,DMI,technical,0.0015013849926617695,PennyStocks,ARA
PennyStocks:ARA,BCV-PU,loocv_undersampled_ratio2.0,2521,2023-10-20,Buy,Buy,True,1,WilliamsR,technical,0.07343533107778058,PennyStocks,ARA
PennyStocks:ARA,BCV-PU,loocv_undersampled_ratio2.0,2521,2023-10-20,Buy,Buy,True,7,CCI,technical,0.03758457803196506,PennyStocks,ARA
PennyStocks:ARA,BCV-PU,loocv_undersampled_ratio2.0,2521,2023-10-20,Buy,Buy,True,12,CMFI,technical,0.026201382046565413,PennyStocks,ARA
PennyStocks:ARA,BCV-PU,loocv_undersampled_ratio2.0,2521,2023-10-20,Buy,Buy,True,18,Purchasing Power of Peso,macro,0.021800803882069886,PennyStocks,ARA
PennyStocks:ARA,BCV-PU,loocv_undersampled_ratio2.0,2521,2023-10-20,Buy,Buy,True,2,SMA,technical,0.02065811288775876,PennyStocks,ARA
PennyStocks:ARA,BCV-PU,loocv_undersampled_ratio2.0,2521,2023-10-20,Buy,Buy,True,3,EMA,technical,0.019389735790900885,PennyStocks,ARA
PennyStocks:ARA,BCV-PU,loocv_undersampled_ratio2.0,2521,2023-10-20,Buy,Buy,True,0,RSI,technical,0.01595020700551686,PennyStocks,ARA
PennyStocks:ARA,BCV-PU,loocv_undersampled_ratio2.0,2521,2023-10-20,Buy,Buy,True,8,CMO,technical,0.012450606262427754,PennyStocks,ARA
PennyStocks:ARA,BCV-PU,loocv_undersampled_ratio2.0,2521,2023-10-20,Buy,Buy,True,19,Reverse Repurchase Rate (RRP),macro,0.01190559892420424,PennyStocks,ARA
PennyStocks:ARA,BCV-PU,loocv_undersampled_ratio2.0,2521,2023-10-20,Buy,Buy,True,15,Oil,macro,0.011601074773352593,PennyStocks,ARA
PennyStocks:ARA,BCV-PU,loocv_undersampled_ratio2.0,2521,2023-10-20,Buy,Buy,True,13,DMI,technical,0.010115791930002161,PennyStocks,ARA
PennyStocks:ARA,BCV-PU,loocv_undersampled_ratio2.0,2521,2023-10-20,Buy,Buy,True,6,TripleEMA,technical,0.01006713932438288,PennyStocks,ARA
PennyStocks:ARA,BCV-PU,loocv_undersampled_ratio2.0,2521,2023-10-20,Buy,Buy,True,14,PSI,technical,0.007491193401801865,PennyStocks,ARA
PennyStocks:ARA,BCV-PU,loocv_undersampled_ratio2.0,2521,2023-10-20,Buy,Buy,True,9,MACD,technical,0.006208867402165197,PennyStocks,ARA
PennyStocks:ARA,BCV-PU,loocv_undersampled_ratio2.0,2521,2023-10-20,Buy,Buy,True,4,WMA,technical,0.00569486286258325,PennyStocks,ARA
PennyStocks:ARA,BCV-PU,loocv_undersampled_ratio2.0,2521,2023-10-20,Buy,Buy,True,17,Inflation Rate,macro,0.0053651599746444845,PennyStocks,ARA
PennyStocks:ARA,BCV-PU,loocv_undersampled_ratio2.0,2521,2023-10-20,Buy,Buy,True,10,PPO,technical,0.005015334919335146,PennyStocks,ARA
PennyStocks:ARA,BCV-PU,loocv_undersampled_ratio2.0,2521,2023-10-20,Buy,Buy,True,5,HMA,technical,0.004758666889392771,PennyStocks,ARA
PennyStocks:ARA,BCV-PU,loocv_undersampled_ratio2.0,2521,2023-10-20,Buy,Buy,True,11,ROC,technical,0.0036731768277604715,PennyStocks,ARA
PennyStocks:ARA,BCV-PU,loocv_undersampled_ratio2.0,2521,2023-10-20,Buy,Buy,True,16,Gold,macro,0.0033236618925002403,PennyStocks,ARA
PennyStocks:ARA,BCV-PU,loocv_undersampled_ratio2.0,2524,2023-10-25,Hold,Hold,True,1,WilliamsR,technical,0.014353155445132871,PennyStocks,ARA
PennyStocks:ARA,BCV-PU,loocv_undersampled_ratio2.0,2524,2023-10-25,Hold,Hold,True,12,CMFI,technical,0.0117053179157665,PennyStocks,ARA
PennyStocks:ARA,BCV-PU,loocv_undersampled_ratio2.0,2524,2023-10-25,Hold,Hold,True,15,Oil,macro,0.00957189301843755,PennyStocks,ARA
PennyStocks:ARA,BCV-PU,loocv_undersampled_ratio2.0,2524,2023-10-25,Hold,Hold,True,18,Purchasing Power of Peso,macro,0.008580881747184322,PennyStocks,ARA
PennyStocks:ARA,BCV-PU,loocv_undersampled_ratio2.0,2524,2023-10-25,Hold,Hold,True,19,Reverse Repurchase Rate (RRP),macro,0.007896319904830307,PennyStocks,ARA
PennyStocks:ARA,BCV-PU,loocv_undersampled_ratio2.0,2524,2023-10-25,Hold,Hold,True,13,DMI,technical,0.005597834821674042,PennyStocks,ARA
PennyStocks:ARA,BCV-PU,loocv_undersampled_ratio2.0,2524,2023-10-25,Hold,Hold,True,2,SMA,technical,0.00504123874961806,PennyStocks,ARA
PennyStocks:ARA,BCV-PU,loocv_undersampled_ratio2.0,2524,2023-10-25,Hold,Hold,True,6,TripleEMA,technical,0.004923279106310474,PennyStocks,ARA
PennyStocks:ARA,BCV-PU,loocv_undersampled_ratio2.0,2524,2023-10-25,Hold,Hold,True,7,CCI,technical,0.004684849795012269,PennyStocks,ARA
PennyStocks:ARA,BCV-PU,loocv_undersampled_ratio2.0,2524,2023-10-25,Hold,Hold,True,3,EMA,technical,0.00425917056563776,PennyStocks,ARA
PennyStocks:ARA,BCV-PU,loocv_undersampled_ratio2.0,2524,2023-10-25,Hold,Hold,True,17,Inflation Rate,macro,0.003376829656554037,PennyStocks,ARA
PennyStocks:ARA,BCV-PU,loocv_undersampled_ratio2.0,2524,2023-10-25,Hold,Hold,True,8,CMO,technical,0.002860236207925482,PennyStocks,ARA
PennyStocks:ARA,BCV-PU,loocv_undersampled_ratio2.0,2524,2023-10-25,Hold,Hold,True,5,HMA,technical,0.0024539763398934156,PennyStocks,ARA
PennyStocks:ARA,BCV-PU,loocv_undersampled_ratio2.0,2524,2023-10-25,Hold,Hold,True,4,WMA,technical,0.0023588052485592923,PennyStocks,ARA
PennyStocks:ARA,BCV-PU,loocv_undersampled_ratio2.0,2524,2023-10-25,Hold,Hold,True,14,PSI,technical,0.002320235578008578,PennyStocks,ARA
PennyStocks:ARA,BCV-PU,loocv_undersampled_ratio2.0,2524,2023-10-25,Hold,Hold,True,16,Gold,macro,0.001964864123510779,PennyStocks,ARA
PennyStocks:ARA,BCV-PU,loocv_undersampled_ratio2.0,2524,2023-10-25,Hold,Hold,True,9,MACD,technical,0.0015863065759276652,PennyStocks,ARA
PennyStocks:ARA,BCV-PU,loocv_undersampled_ratio2.0,2524,2023-10-25,Hold,Hold,True,10,PPO,technical,0.0014912867627572268,PennyStocks,ARA
PennyStocks:ARA,BCV-PU,loocv_undersampled_ratio2.0,2524,2023-10-25,Hold,Hold,True,0,RSI,technical,0.0010331349780244637,PennyStocks,ARA
PennyStocks:ARA,BCV-PU,loocv_undersampled_ratio2.0,2524,2023-10-25,Hold,Hold,True,11,ROC,technical,0.0008103217331154155,PennyStocks,ARA
PennyStocks:ARA,BCV-PU,loocv_undersampled_ratio2.0,2538,2023-11-17,Hold,Hold,True,12,CMFI,technical,0.012838017180911265,PennyStocks,ARA
PennyStocks:ARA,BCV-PU,loocv_undersampled_ratio2.0,2538,2023-11-17,Hold,Hold,True,18,Purchasing Power of Peso,macro,0.009378881551674568,PennyStocks,ARA
PennyStocks:ARA,BCV-PU,loocv_undersampled_ratio2.0,2538,2023-11-17,Hold,Hold,True,19,Reverse Repurchase Rate (RRP),macro,0.008079734578768694,PennyStocks,ARA
PennyStocks:ARA,BCV-PU,loocv_undersampled_ratio2.0,2538,2023-11-17,Hold,Hold,True,7,CCI,technical,0.00728061293079918,PennyStocks,ARA
PennyStocks:ARA,BCV-PU,loocv_undersampled_ratio2.0,2538,2023-11-17,Hold,Hold,True,1,WilliamsR,technical,0.00622006293888262,PennyStocks,ARA
PennyStocks:ARA,BCV-PU,loocv_undersampled_ratio2.0,2538,2023-11-17,Hold,Hold,True,13,DMI,technical,0.005934623700341035,PennyStocks,ARA
PennyStocks:ARA,BCV-PU,loocv_undersampled_ratio2.0,2538,2023-11-17,Hold,Hold,True,15,Oil,macro,0.005710935717797838,PennyStocks,ARA
PennyStocks:ARA,BCV-PU,loocv_undersampled_ratio2.0,2538,2023-11-17,Hold,Hold,True,6,TripleEMA,technical,0.004192486515103155,PennyStocks,ARA
PennyStocks:ARA,BCV-PU,loocv_undersampled_ratio2.0,2538,2023-11-17,Hold,Hold,True,3,EMA,technical,0.0038048430578783154,PennyStocks,ARA
PennyStocks:ARA,BCV-PU,loocv_undersampled_ratio2.0,2538,2023-11-17,Hold,Hold,True,2,SMA,technical,0.003800538788709673,PennyStocks,ARA
PennyStocks:ARA,BCV-PU,loocv_undersampled_ratio2.0,2538,2023-11-17,Hold,Hold,True,8,CMO,technical,0.003351198835298419,PennyStocks,ARA
PennyStocks:ARA,BCV-PU,loocv_undersampled_ratio2.0,2538,2023-11-17,Hold,Hold,True,16,Gold,macro,0.0029292531668033916,PennyStocks,ARA
PennyStocks:ARA,BCV-PU,loocv_undersampled_ratio2.0,2538,2023-11-17,Hold,Hold,True,14,PSI,technical,0.0028959894860236092,PennyStocks,ARA
PennyStocks:ARA,BCV-PU,loocv_undersampled_ratio2.0,2538,2023-11-17,Hold,Hold,True,4,WMA,technical,0.002492685595643707,PennyStocks,ARA
PennyStocks:ARA,BCV-PU,loocv_undersampled_ratio2.0,2538,2023-11-17,Hold,Hold,True,17,Inflation Rate,macro,0.0024848714345353075,PennyStocks,ARA
PennyStocks:ARA,BCV-PU,loocv_undersampled_ratio2.0,2538,2023-11-17,Hold,Hold,True,5,HMA,technical,0.001981240134773543,PennyStocks,ARA
PennyStocks:ARA,BCV-PU,loocv_undersampled_ratio2.0,2538,2023-11-17,Hold,Hold,True,0,RSI,technical,0.0015287147140043088,PennyStocks,ARA
PennyStocks:ARA,BCV-PU,loocv_undersampled_ratio2.0,2538,2023-11-17,Hold,Hold,True,9,MACD,technical,0.0011386395775843995,PennyStocks,ARA
PennyStocks:ARA,BCV-PU,loocv_undersampled_ratio2.0,2538,2023-11-17,Hold,Hold,True,10,PPO,technical,0.0007502446607759339,PennyStocks,ARA
PennyStocks:ARA,BCV-PU,loocv_undersampled_ratio2.0,2538,2023-11-17,Hold,Hold,True,11,ROC,technical,0.0005999198116114713,PennyStocks,ARA
PennyStocks:ARA,BCV-PU,loocv_undersampled_ratio2.0,2541,2023-11-22,Hold,Hold,True,12,CMFI,technical,0.01211536354967393,PennyStocks,ARA
PennyStocks:ARA,BCV-PU,loocv_undersampled_ratio2.0,2541,2023-11-22,Hold,Hold,True,1,WilliamsR,technical,0.010158080764813348,PennyStocks,ARA
PennyStocks:ARA,BCV-PU,loocv_undersampled_ratio2.0,2541,2023-11-22,Hold,Hold,True,18,Purchasing Power of Peso,macro,0.009445730777224525,PennyStocks,ARA
PennyStocks:ARA,BCV-PU,loocv_undersampled_ratio2.0,2541,2023-11-22,Hold,Hold,True,19,Reverse Repurchase Rate (RRP),macro,0.007708746450953185,PennyStocks,ARA
PennyStocks:ARA,BCV-PU,loocv_undersampled_ratio2.0,2541,2023-11-22,Hold,Hold,True,7,CCI,technical,0.00722885094328376,PennyStocks,ARA
PennyStocks:ARA,BCV-PU,loocv_undersampled_ratio2.0,2541,2023-11-22,Hold,Hold,True,15,Oil,macro,0.0065928512325626795,PennyStocks,ARA
PennyStocks:ARA,BCV-PU,loocv_undersampled_ratio2.0,2541,2023-11-22,Hold,Hold,True,13,DMI,technical,0.005922179861954646,PennyStocks,ARA
PennyStocks:ARA,BCV-PU,loocv_undersampled_ratio2.0,2541,2023-11-22,Hold,Hold,True,6,TripleEMA,technical,0.005441190241253935,PennyStocks,ARA
PennyStocks:ARA,BCV-PU,loocv_undersampled_ratio2.0,2541,2023-11-22,Hold,Hold,True,3,EMA,technical,0.005208123696502298,PennyStocks,ARA
PennyStocks:ARA,BCV-PU,loocv_undersampled_ratio2.0,2541,2023-11-22,Hold,Hold,True,2,SMA,technical,0.0047195970719258185,PennyStocks,ARA
PennyStocks:ARA,BCV-PU,loocv_undersampled_ratio2.0,2541,2023-11-22,Hold,Hold,True,16,Gold,macro,0.002709645994764287,PennyStocks,ARA
PennyStocks:ARA,BCV-PU,loocv_undersampled_ratio2.0,2541,2023-11-22,Hold,Hold,True,17,Inflation Rate,macro,0.0026274495212419424,PennyStocks,ARA
PennyStocks:ARA,BCV-PU,loocv_undersampled_ratio2.0,2541,2023-11-22,Hold,Hold,True,14,PSI,technical,0.0026244304055580868,PennyStocks,ARA
PennyStocks:ARA,BCV-PU,loocv_undersampled_ratio2.0,2541,2023-11-22,Hold,Hold,True,8,CMO,technical,0.002540910807420005,PennyStocks,ARA
PennyStocks:ARA,BCV-PU,loocv_undersampled_ratio2.0,2541,2023-11-22,Hold,Hold,True,4,WMA,technical,0.0023781797412084416,PennyStocks,ARA
PennyStocks:ARA,BCV-PU,loocv_undersampled_ratio2.0,2541,2023-11-22,Hold,Hold,True,5,HMA,technical,0.001992898975004209,PennyStocks,ARA
PennyStocks:ARA,BCV-PU,loocv_undersampled_ratio2.0,2541,2023-11-22,Hold,Hold,True,9,MACD,technical,0.0008892481176189903,PennyStocks,ARA
PennyStocks:ARA,BCV-PU,loocv_undersampled_ratio2.0,2541,2023-11-22,Hold,Hold,True,10,PPO,technical,0.0007673780848563184,PennyStocks,ARA
PennyStocks:ARA,BCV-PU,loocv_undersampled_ratio2.0,2541,2023-11-22,Hold,Hold,True,0,RSI,technical,0.0006061082851374522,PennyStocks,ARA
PennyStocks:ARA,BCV-PU,loocv_undersampled_ratio2.0,2541,2023-11-22,Hold,Hold,True,11,ROC,technical,0.0005501798792465707,PennyStocks,ARA
PennyStocks:ARA,BCV-PU,loocv_undersampled_ratio2.0,2560,2023-12-21,Hold,Hold,True,18,Purchasing Power of Peso,macro,0.009758081808104179,PennyStocks,ARA
PennyStocks:ARA,BCV-PU,loocv_undersampled_ratio2.0,2560,2023-12-21,Hold,Hold,True,19,Reverse Repurchase Rate (RRP),macro,0.0075338710346841255,PennyStocks,ARA
PennyStocks:ARA,BCV-PU,loocv_undersampled_ratio2.0,2560,2023-12-21,Hold,Hold,True,6,TripleEMA,technical,0.006285243510501459,PennyStocks,ARA
PennyStocks:ARA,BCV-PU,loocv_undersampled_ratio2.0,2560,2023-12-21,Hold,Hold,True,13,DMI,technical,0.005014542238495778,PennyStocks,ARA
PennyStocks:ARA,BCV-PU,loocv_undersampled_ratio2.0,2560,2023-12-21,Hold,Hold,True,15,Oil,macro,0.0048654248683305925,PennyStocks,ARA
PennyStocks:ARA,BCV-PU,loocv_undersampled_ratio2.0,2560,2023-12-21,Hold,Hold,True,2,SMA,technical,0.004858816152773215,PennyStocks,ARA
PennyStocks:ARA,BCV-PU,loocv_undersampled_ratio2.0,2560,2023-12-21,Hold,Hold,True,7,CCI,technical,0.004257507518576631,PennyStocks,ARA
PennyStocks:ARA,BCV-PU,loocv_undersampled_ratio2.0,2560,2023-12-21,Hold,Hold,True,1,WilliamsR,technical,0.0042505477533268275,PennyStocks,ARA
PennyStocks:ARA,BCV-PU,loocv_undersampled_ratio2.0,2560,2023-12-21,Hold,Hold,True,14,PSI,technical,0.004057034131642467,PennyStocks,ARA
PennyStocks:ARA,BCV-PU,loocv_undersampled_ratio2.0,2560,2023-12-21,Hold,Hold,True,3,EMA,technical,0.003940669895382598,PennyStocks,ARA
PennyStocks:ARA,BCV-PU,loocv_undersampled_ratio2.0,2560,2023-12-21,Hold,Hold,True,5,HMA,technical,0.0029277478861331474,PennyStocks,ARA
PennyStocks:ARA,BCV-PU,loocv_undersampled_ratio2.0,2560,2023-12-21,Hold,Hold,True,16,Gold,macro,0.0028759004722815006,PennyStocks,ARA
PennyStocks:ARA,BCV-PU,loocv_undersampled_ratio2.0,2560,2023-12-21,Hold,Hold,True,12,CMFI,technical,0.002599855259541073,PennyStocks,ARA
PennyStocks:ARA,BCV-PU,loocv_undersampled_ratio2.0,2560,2023-12-21,Hold,Hold,True,8,CMO,technical,0.002537685569404857,PennyStocks,ARA
PennyStocks:ARA,BCV-PU,loocv_undersampled_ratio2.0,2560,2023-12-21,Hold,Hold,True,4,WMA,technical,0.0024118847330100836,PennyStocks,ARA
PennyStocks:ARA,BCV-PU,loocv_undersampled_ratio2.0,2560,2023-12-21,Hold,Hold,True,17,Inflation Rate,macro,0.0023238217807374896,PennyStocks,ARA
PennyStocks:ARA,BCV-PU,loocv_undersampled_ratio2.0,2560,2023-12-21,Hold,Hold,True,0,RSI,technical,0.0013520458316634177,PennyStocks,ARA
PennyStocks:ARA,BCV-PU,loocv_undersampled_ratio2.0,2560,2023-12-21,Hold,Hold,True,9,MACD,technical,0.0012473470488657767,PennyStocks,ARA
PennyStocks:ARA,BCV-PU,loocv_undersampled_ratio2.0,2560,2023-12-21,Hold,Hold,True,10,PPO,technical,0.0009013670089188964,PennyStocks,ARA
PennyStocks:ARA,BCV-PU,loocv_undersampled_ratio2.0,2560,2023-12-21,Hold,Hold,True,11,ROC,technical,0.0006652627939729427,PennyStocks,ARA
PennyStocks:ARA,BCV-PU,loocv_undersampled_ratio2.0,2597,2024-02-16,Hold,Hold,True,19,Reverse Repurchase Rate (RRP),macro,0.008631826954660938,PennyStocks,ARA
PennyStocks:ARA,BCV-PU,loocv_undersampled_ratio2.0,2597,2024-02-16,Hold,Hold,True,18,Purchasing Power of Peso,macro,0.007831820870342199,PennyStocks,ARA
PennyStocks:ARA,BCV-PU,loocv_undersampled_ratio2.0,2597,2024-02-16,Hold,Hold,True,7,CCI,technical,0.006916987770227934,PennyStocks,ARA
PennyStocks:ARA,BCV-PU,loocv_undersampled_ratio2.0,2597,2024-02-16,Hold,Hold,True,1,WilliamsR,technical,0.006600893937866203,PennyStocks,ARA
PennyStocks:ARA,BCV-PU,loocv_undersampled_ratio2.0,2597,2024-02-16,Hold,Hold,True,8,CMO,technical,0.006229137823538622,PennyStocks,ARA
PennyStocks:ARA,BCV-PU,loocv_undersampled_ratio2.0,2597,2024-02-16,Hold,Hold,True,15,Oil,macro,0.004905867246270646,PennyStocks,ARA
PennyStocks:ARA,BCV-PU,loocv_undersampled_ratio2.0,2597,2024-02-16,Hold,Hold,True,13,DMI,technical,0.004733874362136703,PennyStocks,ARA
PennyStocks:ARA,BCV-PU,loocv_undersampled_ratio2.0,2597,2024-02-16,Hold,Hold,True,6,TripleEMA,technical,0.004545032282476313,PennyStocks,ARA
PennyStocks:ARA,BCV-PU,loocv_undersampled_ratio2.0,2597,2024-02-16,Hold,Hold,True,2,SMA,technical,0.004169476481001766,PennyStocks,ARA
PennyStocks:ARA,BCV-PU,loocv_undersampled_ratio2.0,2597,2024-02-16,Hold,Hold,True,3,EMA,technical,0.004048737963603344,PennyStocks,ARA
PennyStocks:ARA,BCV-PU,loocv_undersampled_ratio2.0,2597,2024-02-16,Hold,Hold,True,12,CMFI,technical,0.0038411813533457463,PennyStocks,ARA
PennyStocks:ARA,BCV-PU,loocv_undersampled_ratio2.0,2597,2024-02-16,Hold,Hold,True,0,RSI,technical,0.0031008168112748534,PennyStocks,ARA
PennyStocks:ARA,BCV-PU,loocv_undersampled_ratio2.0,2597,2024-02-16,Hold,Hold,True,5,HMA,technical,0.0026480062646442094,PennyStocks,ARA
PennyStocks:ARA,BCV-PU,loocv_undersampled_ratio2.0,2597,2024-02-16,Hold,Hold,True,4,WMA,technical,0.002414280653465539,PennyStocks,ARA
PennyStocks:ARA,BCV-PU,loocv_undersampled_ratio2.0,2597,2024-02-16,Hold,Hold,True,16,Gold,macro,0.0019381997735763434,PennyStocks,ARA
PennyStocks:ARA,BCV-PU,loocv_undersampled_ratio2.0,2597,2024-02-16,Hold,Hold,True,17,Inflation Rate,macro,0.0017754309446900152,PennyStocks,ARA
PennyStocks:ARA,BCV-PU,loocv_undersampled_ratio2.0,2597,2024-02-16,Hold,Hold,True,14,PSI,technical,0.0011733478619134984,PennyStocks,ARA
PennyStocks:ARA,BCV-PU,loocv_undersampled_ratio2.0,2597,2024-02-16,Hold,Hold,True,11,ROC,technical,0.001020731377911943,PennyStocks,ARA
PennyStocks:ARA,BCV-PU,loocv_undersampled_ratio2.0,2597,2024-02-16,Hold,Hold,True,10,PPO,technical,0.000955761883778905,PennyStocks,ARA
PennyStocks:ARA,BCV-PU,loocv_undersampled_ratio2.0,2597,2024-02-16,Hold,Hold,True,9,MACD,technical,0.0007756530567348818,PennyStocks,ARA
PennyStocks:ARA,BCV-PU,loocv_undersampled_ratio2.0,2598,2024-02-19,Hold,Hold,True,1,WilliamsR,technical,0.008740472870704253,PennyStocks,ARA
PennyStocks:ARA,BCV-PU,loocv_undersampled_ratio2.0,2598,2024-02-19,Hold,Hold,True,18,Purchasing Power of Peso,macro,0.00857132967794314,PennyStocks,ARA
PennyStocks:ARA,BCV-PU,loocv_undersampled_ratio2.0,2598,2024-02-19,Hold,Hold,True,7,CCI,technical,0.007991237247915705,PennyStocks,ARA
PennyStocks:ARA,BCV-PU,loocv_undersampled_ratio2.0,2598,2024-02-19,Hold,Hold,True,8,CMO,technical,0.007891243329140707,PennyStocks,ARA
PennyStocks:ARA,BCV-PU,loocv_undersampled_ratio2.0,2598,2024-02-19,Hold,Hold,True,19,Reverse Repurchase Rate (RRP),macro,0.006561139166046814,PennyStocks,ARA
PennyStocks:ARA,BCV-PU,loocv_undersampled_ratio2.0,2598,2024-02-19,Hold,Hold,True,13,DMI,technical,0.005104092584588216,PennyStocks,ARA
PennyStocks:ARA,BCV-PU,loocv_undersampled_ratio2.0,2598,2024-02-19,Hold,Hold,True,6,TripleEMA,technical,0.004898980302459677,PennyStocks,ARA
PennyStocks:ARA,BCV-PU,loocv_undersampled_ratio2.0,2598,2024-02-19,Hold,Hold,True,15,Oil,macro,0.004491448309636326,PennyStocks,ARA
PennyStocks:ARA,BCV-PU,loocv_undersampled_ratio2.0,2598,2024-02-19,Hold,Hold,True,2,SMA,technical,0.0041106331822447825,PennyStocks,ARA
PennyStocks:ARA,BCV-PU,loocv_undersampled_ratio2.0,2598,2024-02-19,Hold,Hold,True,12,CMFI,technical,0.0038143011635838773,PennyStocks,ARA
PennyStocks:ARA,BCV-PU,loocv_undersampled_ratio2.0,2598,2024-02-19,Hold,Hold,True,0,RSI,technical,0.0036594368750229476,PennyStocks,ARA
PennyStocks:ARA,BCV-PU,loocv_undersampled_ratio2.0,2598,2024-02-19,Hold,Hold,True,3,EMA,technical,0.0033606648939894512,PennyStocks,ARA
PennyStocks:ARA,BCV-PU,loocv_undersampled_ratio2.0,2598,2024-02-19,Hold,Hold,True,4,WMA,technical,0.0021992235014977267,PennyStocks,ARA
PennyStocks:ARA,BCV-PU,loocv_undersampled_ratio2.0,2598,2024-02-19,Hold,Hold,True,16,Gold,macro,0.00207903700938914,PennyStocks,ARA
PennyStocks:ARA,BCV-PU,loocv_undersampled_ratio2.0,2598,2024-02-19,Hold,Hold,True,5,HMA,technical,0.0020000126616650958,PennyStocks,ARA
PennyStocks:ARA,BCV-PU,loocv_undersampled_ratio2.0,2598,2024-02-19,Hold,Hold,True,14,PSI,technical,0.0016100429284051643,PennyStocks,ARA
PennyStocks:ARA,BCV-PU,loocv_undersampled_ratio2.0,2598,2024-02-19,Hold,Hold,True,17,Inflation Rate,macro,0.0014423974920646288,PennyStocks,ARA
PennyStocks:ARA,BCV-PU,loocv_undersampled_ratio2.0,2598,2024-02-19,Hold,Hold,True,10,PPO,technical,0.001131872236601339,PennyStocks,ARA
PennyStocks:ARA,BCV-PU,loocv_undersampled_ratio2.0,2598,2024-02-19,Hold,Hold,True,9,MACD,technical,0.001115195964121085,PennyStocks,ARA
PennyStocks:ARA,BCV-PU,loocv_undersampled_ratio2.0,2598,2024-02-19,Hold,Hold,True,11,ROC,technical,0.0010685434397601056,PennyStocks,ARA
PennyStocks:ARA,BCV-PU,loocv_undersampled_ratio2.0,2613,2024-03-11,Hold,Hold,True,18,Purchasing Power of Peso,macro,0.010118235656409524,PennyStocks,ARA
PennyStocks:ARA,BCV-PU,loocv_undersampled_ratio2.0,2613,2024-03-11,Hold,Hold,True,19,Reverse Repurchase Rate (RRP),macro,0.006183480666550167,PennyStocks,ARA
PennyStocks:ARA,BCV-PU,loocv_undersampled_ratio2.0,2613,2024-03-11,Hold,Hold,True,7,CCI,technical,0.005616312734855455,PennyStocks,ARA
PennyStocks:ARA,BCV-PU,loocv_undersampled_ratio2.0,2613,2024-03-11,Hold,Hold,True,6,TripleEMA,technical,0.005305386304098647,PennyStocks,ARA
PennyStocks:ARA,BCV-PU,loocv_undersampled_ratio2.0,2613,2024-03-11,Hold,Hold,True,15,Oil,macro,0.005303741199168144,PennyStocks,ARA
PennyStocks:ARA,BCV-PU,loocv_undersampled_ratio2.0,2613,2024-03-11,Hold,Hold,True,2,SMA,technical,0.005192098741827067,PennyStocks,ARA
PennyStocks:ARA,BCV-PU,loocv_undersampled_ratio2.0,2613,2024-03-11,Hold,Hold,True,1,WilliamsR,technical,0.00499758506193757,PennyStocks,ARA
PennyStocks:ARA,BCV-PU,loocv_undersampled_ratio2.0,2613,2024-03-11,Hold,Hold,True,12,CMFI,technical,0.004542507290170761,PennyStocks,ARA
PennyStocks:ARA,BCV-PU,loocv_undersampled_ratio2.0,2613,2024-03-11,Hold,Hold,True,3,EMA,technical,0.003868132448405959,PennyStocks,ARA
PennyStocks:ARA,BCV-PU,loocv_undersampled_ratio2.0,2613,2024-03-11,Hold,Hold,True,8,CMO,technical,0.003743185376515612,PennyStocks,ARA
PennyStocks:ARA,BCV-PU,loocv_undersampled_ratio2.0,2613,2024-03-11,Hold,Hold,True,4,WMA,technical,0.0030685328914842104,PennyStocks,ARA
PennyStocks:ARA,BCV-PU,loocv_undersampled_ratio2.0,2613,2024-03-11,Hold,Hold,True,14,PSI,technical,0.0030290217546280473,PennyStocks,ARA
PennyStocks:ARA,BCV-PU,loocv_undersampled_ratio2.0,2613,2024-03-11,Hold,Hold,True,0,RSI,technical,0.0025654756886069664,PennyStocks,ARA
PennyStocks:ARA,BCV-PU,loocv_undersampled_ratio2.0,2613,2024-03-11,Hold,Hold,True,5,HMA,technical,0.0020213811341818653,PennyStocks,ARA
PennyStocks:ARA,BCV-PU,loocv_undersampled_ratio2.0,2613,2024-03-11,Hold,Hold,True,13,DMI,technical,0.0019713215979891173,PennyStocks,ARA
PennyStocks:ARA,BCV-PU,loocv_undersampled_ratio2.0,2613,2024-03-11,Hold,Hold,True,16,Gold,macro,0.0018308523620362393,PennyStocks,ARA
PennyStocks:ARA,BCV-PU,loocv_undersampled_ratio2.0,2613,2024-03-11,Hold,Hold,True,17,Inflation Rate,macro,0.001617678765251185,PennyStocks,ARA
PennyStocks:ARA,BCV-PU,loocv_undersampled_ratio2.0,2613,2024-03-11,Hold,Hold,True,10,PPO,technical,0.0010571375423751306,PennyStocks,ARA
PennyStocks:ARA,BCV-PU,loocv_undersampled_ratio2.0,2613,2024-03-11,Hold,Hold,True,9,MACD,technical,0.0009683472093456657,PennyStocks,ARA
PennyStocks:ARA,BCV-PU,loocv_undersampled_ratio2.0,2613,2024-03-11,Hold,Hold,True,11,ROC,technical,0.0007014375099515746,PennyStocks,ARA
PennyStocks:ARA,BCV-PU,loocv_undersampled_ratio2.0,2628,2024-04-03,Hold,Hold,True,18,Purchasing Power of Peso,macro,0.01010277062887326,PennyStocks,ARA
PennyStocks:ARA,BCV-PU,loocv_undersampled_ratio2.0,2628,2024-04-03,Hold,Hold,True,7,CCI,technical,0.009683757409220561,PennyStocks,ARA
PennyStocks:ARA,BCV-PU,loocv_undersampled_ratio2.0,2628,2024-04-03,Hold,Hold,True,19,Reverse Repurchase Rate (RRP),macro,0.008111296653805767,PennyStocks,ARA
PennyStocks:ARA,BCV-PU,loocv_undersampled_ratio2.0,2628,2024-04-03,Hold,Hold,True,15,Oil,macro,0.007275785773526877,PennyStocks,ARA
PennyStocks:ARA,BCV-PU,loocv_undersampled_ratio2.0,2628,2024-04-03,Hold,Hold,True,6,TripleEMA,technical,0.005393389941309579,PennyStocks,ARA
PennyStocks:ARA,BCV-PU,loocv_undersampled_ratio2.0,2628,2024-04-03,Hold,Hold,True,2,SMA,technical,0.0047909207161865195,PennyStocks,ARA
PennyStocks:ARA,BCV-PU,loocv_undersampled_ratio2.0,2628,2024-04-03,Hold,Hold,True,1,WilliamsR,technical,0.004780098760966212,PennyStocks,ARA
PennyStocks:ARA,BCV-PU,loocv_undersampled_ratio2.0,2628,2024-04-03,Hold,Hold,True,3,EMA,technical,0.00405796938284766,PennyStocks,ARA
PennyStocks:ARA,BCV-PU,loocv_undersampled_ratio2.0,2628,2024-04-03,Hold,Hold,True,14,PSI,technical,0.0038180707924766466,PennyStocks,ARA
PennyStocks:ARA,BCV-PU,loocv_undersampled_ratio2.0,2628,2024-04-03,Hold,Hold,True,12,CMFI,technical,0.0030906859599781457,PennyStocks,ARA
PennyStocks:ARA,BCV-PU,loocv_undersampled_ratio2.0,2628,2024-04-03,Hold,Hold,True,8,CMO,technical,0.002836140734871151,PennyStocks,ARA
PennyStocks:ARA,BCV-PU,loocv_undersampled_ratio2.0,2628,2024-04-03,Hold,Hold,True,0,RSI,technical,0.0025384212900462443,PennyStocks,ARA
PennyStocks:ARA,BCV-PU,loocv_undersampled_ratio2.0,2628,2024-04-03,Hold,Hold,True,4,WMA,technical,0.002365220905892329,PennyStocks,ARA
PennyStocks:ARA,BCV-PU,loocv_undersampled_ratio2.0,2628,2024-04-03,Hold,Hold,True,5,HMA,technical,0.0021969432538753607,PennyStocks,ARA
PennyStocks:ARA,BCV-PU,loocv_undersampled_ratio2.0,2628,2024-04-03,Hold,Hold,True,13,DMI,technical,0.001999763042113045,PennyStocks,ARA
PennyStocks:ARA,BCV-PU,loocv_undersampled_ratio2.0,2628,2024-04-03,Hold,Hold,True,16,Gold,macro,0.0019572529895413027,PennyStocks,ARA
PennyStocks:ARA,BCV-PU,loocv_undersampled_ratio2.0,2628,2024-04-03,Hold,Hold,True,17,Inflation Rate,macro,0.0016694283891411032,PennyStocks,ARA
PennyStocks:ARA,BCV-PU,loocv_undersampled_ratio2.0,2628,2024-04-03,Hold,Hold,True,9,MACD,technical,0.0010646546546013269,PennyStocks,ARA
PennyStocks:ARA,BCV-PU,loocv_undersampled_ratio2.0,2628,2024-04-03,Hold,Hold,True,10,PPO,technical,0.0009545477172650862,PennyStocks,ARA
PennyStocks:ARA,BCV-PU,loocv_undersampled_ratio2.0,2628,2024-04-03,Hold,Hold,True,11,ROC,technical,0.0007525176275521517,PennyStocks,ARA
PennyStocks:ARA,BCV-PU,loocv_undersampled_ratio2.0,2660,2024-05-22,Hold,Hold,True,8,CMO,technical,0.017913126062194352,PennyStocks,ARA
PennyStocks:ARA,BCV-PU,loocv_undersampled_ratio2.0,2660,2024-05-22,Hold,Hold,True,1,WilliamsR,technical,0.01598419567453675,PennyStocks,ARA
PennyStocks:ARA,BCV-PU,loocv_undersampled_ratio2.0,2660,2024-05-22,Hold,Hold,True,18,Purchasing Power of Peso,macro,0.012726729863788932,PennyStocks,ARA
PennyStocks:ARA,BCV-PU,loocv_undersampled_ratio2.0,2660,2024-05-22,Hold,Hold,True,6,TripleEMA,technical,0.00889972095756093,PennyStocks,ARA
PennyStocks:ARA,BCV-PU,loocv_undersampled_ratio2.0,2660,2024-05-22,Hold,Hold,True,7,CCI,technical,0.008082194773305674,PennyStocks,ARA
PennyStocks:ARA,BCV-PU,loocv_undersampled_ratio2.0,2660,2024-05-22,Hold,Hold,True,0,RSI,technical,0.007911881230029394,PennyStocks,ARA
PennyStocks:ARA,BCV-PU,loocv_undersampled_ratio2.0,2660,2024-05-22,Hold,Hold,True,3,EMA,technical,0.007487971486989408,PennyStocks,ARA
PennyStocks:ARA,BCV-PU,loocv_undersampled_ratio2.0,2660,2024-05-22,Hold,Hold,True,15,Oil,macro,0.006983055506134405,PennyStocks,ARA
PennyStocks:ARA,BCV-PU,loocv_undersampled_ratio2.0,2660,2024-05-22,Hold,Hold,True,2,SMA,technical,0.006545353523688391,PennyStocks,ARA
PennyStocks:ARA,BCV-PU,loocv_undersampled_ratio2.0,2660,2024-05-22,Hold,Hold,True,19,Reverse Repurchase Rate (RRP),macro,0.005958491297496949,PennyStocks,ARA
PennyStocks:ARA,BCV-PU,loocv_undersampled_ratio2.0,2660,2024-05-22,Hold,Hold,True,16,Gold,macro,0.004590981491674029,PennyStocks,ARA
PennyStocks:ARA,BCV-PU,loocv_undersampled_ratio2.0,2660,2024-05-22,Hold,Hold,True,4,WMA,technical,0.004295023076701909,PennyStocks,ARA
PennyStocks:ARA,BCV-PU,loocv_undersampled_ratio2.0,2660,2024-05-22,Hold,Hold,True,5,HMA,technical,0.0034535162296378983,PennyStocks,ARA
PennyStocks:ARA,BCV-PU,loocv_undersampled_ratio2.0,2660,2024-05-22,Hold,Hold,True,12,CMFI,technical,0.003078719530958551,PennyStocks,ARA
PennyStocks:ARA,BCV-PU,loocv_undersampled_ratio2.0,2660,2024-05-22,Hold,Hold,True,11,ROC,technical,0.002383018226828426,PennyStocks,ARA
PennyStocks:ARA,BCV-PU,loocv_undersampled_ratio2.0,2660,2024-05-22,Hold,Hold,True,17,Inflation Rate,macro,0.0021141501320016687,PennyStocks,ARA
PennyStocks:ARA,BCV-PU,loocv_undersampled_ratio2.0,2660,2024-05-22,Hold,Hold,True,14,PSI,technical,0.0018349300436966587,PennyStocks,ARA
PennyStocks:ARA,BCV-PU,loocv_undersampled_ratio2.0,2660,2024-05-22,Hold,Hold,True,13,DMI,technical,0.0014548940729582683,PennyStocks,ARA
PennyStocks:ARA,BCV-PU,loocv_undersampled_ratio2.0,2660,2024-05-22,Hold,Hold,True,9,MACD,technical,0.001345301383844344,PennyStocks,ARA
PennyStocks:ARA,BCV-PU,loocv_undersampled_ratio2.0,2660,2024-05-22,Hold,Hold,True,10,PPO,technical,0.0010694821481592952,PennyStocks,ARA
PennyStocks:ARA,BCV-PU,loocv_undersampled_ratio2.0,2685,2024-06-28,Buy,Buy,True,1,WilliamsR,technical,0.05326623600500184,PennyStocks,ARA
PennyStocks:ARA,BCV-PU,loocv_undersampled_ratio2.0,2685,2024-06-28,Buy,Buy,True,7,CCI,technical,0.04183043724333402,PennyStocks,ARA
PennyStocks:ARA,BCV-PU,loocv_undersampled_ratio2.0,2685,2024-06-28,Buy,Buy,True,0,RSI,technical,0.028428364190040155,PennyStocks,ARA
PennyStocks:ARA,BCV-PU,loocv_undersampled_ratio2.0,2685,2024-06-28,Buy,Buy,True,8,CMO,technical,0.02419558959081769,PennyStocks,ARA
PennyStocks:ARA,BCV-PU,loocv_undersampled_ratio2.0,2685,2024-06-28,Buy,Buy,True,2,SMA,technical,0.02417466585757211,PennyStocks,ARA
PennyStocks:ARA,BCV-PU,loocv_undersampled_ratio2.0,2685,2024-06-28,Buy,Buy,True,3,EMA,technical,0.020100506660674,PennyStocks,ARA
PennyStocks:ARA,BCV-PU,loocv_undersampled_ratio2.0,2685,2024-06-28,Buy,Buy,True,18,Purchasing Power of Peso,macro,0.01836435673176311,PennyStocks,ARA
PennyStocks:ARA,BCV-PU,loocv_undersampled_ratio2.0,2685,2024-06-28,Buy,Buy,True,12,CMFI,technical,0.015586559796065557,PennyStocks,ARA
PennyStocks:ARA,BCV-PU,loocv_undersampled_ratio2.0,2685,2024-06-28,Buy,Buy,True,6,TripleEMA,technical,0.014054314776240062,PennyStocks,ARA
PennyStocks:ARA,BCV-PU,loocv_undersampled_ratio2.0,2685,2024-06-28,Buy,Buy,True,13,DMI,technical,0.014010265728575177,PennyStocks,ARA
PennyStocks:ARA,BCV-PU,loocv_undersampled_ratio2.0,2685,2024-06-28,Buy,Buy,True,15,Oil,macro,0.013906431809300557,PennyStocks,ARA
PennyStocks:ARA,BCV-PU,loocv_undersampled_ratio2.0,2685,2024-06-28,Buy,Buy,True,19,Reverse Repurchase Rate (RRP),macro,0.01322745300421957,PennyStocks,ARA
PennyStocks:ARA,BCV-PU,loocv_undersampled_ratio2.0,2685,2024-06-28,Buy,Buy,True,4,WMA,technical,0.011524514984557754,PennyStocks,ARA
PennyStocks:ARA,BCV-PU,loocv_undersampled_ratio2.0,2685,2024-06-28,Buy,Buy,True,10,PPO,technical,0.008236096338077915,PennyStocks,ARA
PennyStocks:ARA,BCV-PU,loocv_undersampled_ratio2.0,2685,2024-06-28,Buy,Buy,True,5,HMA,technical,0.00799081322256825,PennyStocks,ARA
PennyStocks:ARA,BCV-PU,loocv_undersampled_ratio2.0,2685,2024-06-28,Buy,Buy,True,14,PSI,technical,0.007475784511188977,PennyStocks,ARA
PennyStocks:ARA,BCV-PU,loocv_undersampled_ratio2.0,2685,2024-06-28,Buy,Buy,True,11,ROC,technical,0.007206350681371987,PennyStocks,ARA
PennyStocks:ARA,BCV-PU,loocv_undersampled_ratio2.0,2685,2024-06-28,Buy,Buy,True,16,Gold,macro,0.007015677371236961,PennyStocks,ARA
PennyStocks:ARA,BCV-PU,loocv_undersampled_ratio2.0,2685,2024-06-28,Buy,Buy,True,9,MACD,technical,0.005011160415961058,PennyStocks,ARA
PennyStocks:ARA,BCV-PU,loocv_undersampled_ratio2.0,2685,2024-06-28,Buy,Buy,True,17,Inflation Rate,macro,0.0037626595854817423,PennyStocks,ARA
PennyStocks:ARA,BCV-PU,loocv_undersampled_ratio2.0,2757,2024-10-14,Hold,Hold,True,6,TripleEMA,technical,0.010897524181564222,PennyStocks,ARA
PennyStocks:ARA,BCV-PU,loocv_undersampled_ratio2.0,2757,2024-10-14,Hold,Hold,True,18,Purchasing Power of Peso,macro,0.009840490636997856,PennyStocks,ARA
PennyStocks:ARA,BCV-PU,loocv_undersampled_ratio2.0,2757,2024-10-14,Hold,Hold,True,19,Reverse Repurchase Rate (RRP),macro,0.008406035859661643,PennyStocks,ARA
PennyStocks:ARA,BCV-PU,loocv_undersampled_ratio2.0,2757,2024-10-14,Hold,Hold,True,1,WilliamsR,technical,0.008282524725655094,PennyStocks,ARA
PennyStocks:ARA,BCV-PU,loocv_undersampled_ratio2.0,2757,2024-10-14,Hold,Hold,True,8,CMO,technical,0.008251229639427038,PennyStocks,ARA
PennyStocks:ARA,BCV-PU,loocv_undersampled_ratio2.0,2757,2024-10-14,Hold,Hold,True,2,SMA,technical,0.007206266607681755,PennyStocks,ARA
PennyStocks:ARA,BCV-PU,loocv_undersampled_ratio2.0,2757,2024-10-14,Hold,Hold,True,4,WMA,technical,0.00598514725570567,PennyStocks,ARA
PennyStocks:ARA,BCV-PU,loocv_undersampled_ratio2.0,2757,2024-10-14,Hold,Hold,True,3,EMA,technical,0.005549251150659984,PennyStocks,ARA
PennyStocks:ARA,BCV-PU,loocv_undersampled_ratio2.0,2757,2024-10-14,Hold,Hold,True,5,HMA,technical,0.004907488492608536,PennyStocks,ARA
PennyStocks:ARA,BCV-PU,loocv_undersampled_ratio2.0,2757,2024-10-14,Hold,Hold,True,15,Oil,macro,0.0045412997096718755,PennyStocks,ARA
PennyStocks:ARA,BCV-PU,loocv_undersampled_ratio2.0,2757,2024-10-14,Hold,Hold,True,12,CMFI,technical,0.00432728796149604,PennyStocks,ARA
PennyStocks:ARA,BCV-PU,loocv_undersampled_ratio2.0,2757,2024-10-14,Hold,Hold,True,0,RSI,technical,0.00419104387092375,PennyStocks,ARA
PennyStocks:ARA,BCV-PU,loocv_undersampled_ratio2.0,2757,2024-10-14,Hold,Hold,True,7,CCI,technical,0.003934220731025562,PennyStocks,ARA
PennyStocks:ARA,BCV-PU,loocv_undersampled_ratio2.0,2757,2024-10-14,Hold,Hold,True,16,Gold,macro,0.002225458106113365,PennyStocks,ARA
PennyStocks:ARA,BCV-PU,loocv_undersampled_ratio2.0,2757,2024-10-14,Hold,Hold,True,17,Inflation Rate,macro,0.0019584240051699455,PennyStocks,ARA
PennyStocks:ARA,BCV-PU,loocv_undersampled_ratio2.0,2757,2024-10-14,Hold,Hold,True,14,PSI,technical,0.001936036786355544,PennyStocks,ARA
PennyStocks:ARA,BCV-PU,loocv_undersampled_ratio2.0,2757,2024-10-14,Hold,Hold,True,11,ROC,technical,0.0018281991280673538,PennyStocks,ARA
PennyStocks:ARA,BCV-PU,loocv_undersampled_ratio2.0,2757,2024-10-14,Hold,Hold,True,10,PPO,technical,0.001671460648503853,PennyStocks,ARA
PennyStocks:ARA,BCV-PU,loocv_undersampled_ratio2.0,2757,2024-10-14,Hold,Hold,True,9,MACD,technical,0.001553998332383344,PennyStocks,ARA
PennyStocks:ARA,BCV-PU,loocv_undersampled_ratio2.0,2757,2024-10-14,Hold,Hold,True,13,DMI,technical,0.0014691194974147948,PennyStocks,ARA
PennyStocks:ARA,BCV-PU,loocv_undersampled_ratio2.0,2878,2025-04-24,Hold,Hold,True,1,WilliamsR,technical,0.03158416955266148,PennyStocks,ARA
PennyStocks:ARA,BCV-PU,loocv_undersampled_ratio2.0,2878,2025-04-24,Hold,Hold,True,6,TripleEMA,technical,0.02423532873799559,PennyStocks,ARA
PennyStocks:ARA,BCV-PU,loocv_undersampled_ratio2.0,2878,2025-04-24,Hold,Hold,True,7,CCI,technical,0.020374647429707692,PennyStocks,ARA
PennyStocks:ARA,BCV-PU,loocv_undersampled_ratio2.0,2878,2025-04-24,Hold,Hold,True,12,CMFI,technical,0.014722052204888314,PennyStocks,ARA
PennyStocks:ARA,BCV-PU,loocv_undersampled_ratio2.0,2878,2025-04-24,Hold,Hold,True,2,SMA,technical,0.011237714950402733,PennyStocks,ARA
PennyStocks:ARA,BCV-PU,loocv_undersampled_ratio2.0,2878,2025-04-24,Hold,Hold,True,8,CMO,technical,0.010603410656040068,PennyStocks,ARA
PennyStocks:ARA,BCV-PU,loocv_undersampled_ratio2.0,2878,2025-04-24,Hold,Hold,True,5,HMA,technical,0.01027254241053015,PennyStocks,ARA
PennyStocks:ARA,BCV-PU,loocv_undersampled_ratio2.0,2878,2025-04-24,Hold,Hold,True,0,RSI,technical,0.009981423510180321,PennyStocks,ARA
PennyStocks:ARA,BCV-PU,loocv_undersampled_ratio2.0,2878,2025-04-24,Hold,Hold,True,18,Purchasing Power of Peso,macro,0.009218144440092146,PennyStocks,ARA
PennyStocks:ARA,BCV-PU,loocv_undersampled_ratio2.0,2878,2025-04-24,Hold,Hold,True,19,Reverse Repurchase Rate (RRP),macro,0.008323719044346945,PennyStocks,ARA
PennyStocks:ARA,BCV-PU,loocv_undersampled_ratio2.0,2878,2025-04-24,Hold,Hold,True,3,EMA,technical,0.00793161611072719,PennyStocks,ARA
PennyStocks:ARA,BCV-PU,loocv_undersampled_ratio2.0,2878,2025-04-24,Hold,Hold,True,14,PSI,technical,0.007649318700350705,PennyStocks,ARA
PennyStocks:ARA,BCV-PU,loocv_undersampled_ratio2.0,2878,2025-04-24,Hold,Hold,True,4,WMA,technical,0.007584955909987911,PennyStocks,ARA
PennyStocks:ARA,BCV-PU,loocv_undersampled_ratio2.0,2878,2025-04-24,Hold,Hold,True,15,Oil,macro,0.004658002220094204,PennyStocks,ARA
PennyStocks:ARA,BCV-PU,loocv_undersampled_ratio2.0,2878,2025-04-24,Hold,Hold,True,17,Inflation Rate,macro,0.0026377083981060424,PennyStocks,ARA
PennyStocks:ARA,BCV-PU,loocv_undersampled_ratio2.0,2878,2025-04-24,Hold,Hold,True,16,Gold,macro,0.002395734955098305,PennyStocks,ARA
PennyStocks:ARA,BCV-PU,loocv_undersampled_ratio2.0,2878,2025-04-24,Hold,Hold,True,13,DMI,technical,0.002293833981457283,PennyStocks,ARA
PennyStocks:ARA,BCV-PU,loocv_undersampled_ratio2.0,2878,2025-04-24,Hold,Hold,True,11,ROC,technical,0.0022344021949663785,PennyStocks,ARA
PennyStocks:ARA,BCV-PU,loocv_undersampled_ratio2.0,2878,2025-04-24,Hold,Hold,True,9,MACD,technical,0.0016918244160478934,PennyStocks,ARA
PennyStocks:ARA,BCV-PU,loocv_undersampled_ratio2.0,2878,2025-04-24,Hold,Hold,True,10,PPO,technical,0.0011701995651492326,PennyStocks,ARA
PennyStocks:ARA,BCV-PU,loocv_undersampled_ratio2.0,2882,2025-04-30,Hold,Hold,True,1,WilliamsR,technical,0.02048028624849394,PennyStocks,ARA
PennyStocks:ARA,BCV-PU,loocv_undersampled_ratio2.0,2882,2025-04-30,Hold,Hold,True,6,TripleEMA,technical,0.013853948257747106,PennyStocks,ARA
PennyStocks:ARA,BCV-PU,loocv_undersampled_ratio2.0,2882,2025-04-30,Hold,Hold,True,12,CMFI,technical,0.013224440701014828,PennyStocks,ARA
PennyStocks:ARA,BCV-PU,loocv_undersampled_ratio2.0,2882,2025-04-30,Hold,Hold,True,2,SMA,technical,0.009944024810101837,PennyStocks,ARA
PennyStocks:ARA,BCV-PU,loocv_undersampled_ratio2.0,2882,2025-04-30,Hold,Hold,True,19,Reverse Repurchase Rate (RRP),macro,0.008662637350789737,PennyStocks,ARA
PennyStocks:ARA,BCV-PU,loocv_undersampled_ratio2.0,2882,2025-04-30,Hold,Hold,True,14,PSI,technical,0.008393121824337869,PennyStocks,ARA
PennyStocks:ARA,BCV-PU,loocv_undersampled_ratio2.0,2882,2025-04-30,Hold,Hold,True,18,Purchasing Power of Peso,macro,0.008342866611201316,PennyStocks,ARA
PennyStocks:ARA,BCV-PU,loocv_undersampled_ratio2.0,2882,2025-04-30,Hold,Hold,True,8,CMO,technical,0.007344024272606475,PennyStocks,ARA
PennyStocks:ARA,BCV-PU,loocv_undersampled_ratio2.0,2882,2025-04-30,Hold,Hold,True,3,EMA,technical,0.007328677864279598,PennyStocks,ARA
PennyStocks:ARA,BCV-PU,loocv_undersampled_ratio2.0,2882,2025-04-30,Hold,Hold,True,4,WMA,technical,0.005318475006788503,PennyStocks,ARA
PennyStocks:ARA,BCV-PU,loocv_undersampled_ratio2.0,2882,2025-04-30,Hold,Hold,True,5,HMA,technical,0.0049340893441694785,PennyStocks,ARA
PennyStocks:ARA,BCV-PU,loocv_undersampled_ratio2.0,2882,2025-04-30,Hold,Hold,True,0,RSI,technical,0.004924618246877799,PennyStocks,ARA
PennyStocks:ARA,BCV-PU,loocv_undersampled_ratio2.0,2882,2025-04-30,Hold,Hold,True,15,Oil,macro,0.004374538375122939,PennyStocks,ARA
PennyStocks:ARA,BCV-PU,loocv_undersampled_ratio2.0,2882,2025-04-30,Hold,Hold,True,10,PPO,technical,0.003211060442845337,PennyStocks,ARA
PennyStocks:ARA,BCV-PU,loocv_undersampled_ratio2.0,2882,2025-04-30,Hold,Hold,True,17,Inflation Rate,macro,0.003179342365683624,PennyStocks,ARA
PennyStocks:ARA,BCV-PU,loocv_undersampled_ratio2.0,2882,2025-04-30,Hold,Hold,True,13,DMI,technical,0.0027420223525041363,PennyStocks,ARA
PennyStocks:ARA,BCV-PU,loocv_undersampled_ratio2.0,2882,2025-04-30,Hold,Hold,True,7,CCI,technical,0.0027412665818701497,PennyStocks,ARA
PennyStocks:ARA,BCV-PU,loocv_undersampled_ratio2.0,2882,2025-04-30,Hold,Hold,True,11,ROC,technical,0.002727969469560776,PennyStocks,ARA
PennyStocks:ARA,BCV-PU,loocv_undersampled_ratio2.0,2882,2025-04-30,Hold,Hold,True,16,Gold,macro,0.002372531293076463,PennyStocks,ARA
PennyStocks:ARA,BCV-PU,loocv_undersampled_ratio2.0,2882,2025-04-30,Hold,Hold,True,9,MACD,technical,0.0018325383898627479,PennyStocks,ARA
PennyStocks:PHR,BCV-PU,loocv_undersampled_ratio2.0,2046,2023-01-16,Hold,Hold,True,6,TripleEMA,technical,0.010943165698699886,PennyStocks,PHR
PennyStocks:PHR,BCV-PU,loocv_undersampled_ratio2.0,2046,2023-01-16,Hold,Hold,True,18,Purchasing Power of Peso,macro,0.0092645849857945,PennyStocks,PHR
PennyStocks:PHR,BCV-PU,loocv_undersampled_ratio2.0,2046,2023-01-16,Hold,Hold,True,17,Inflation Rate,macro,0.009007139901223126,PennyStocks,PHR
PennyStocks:PHR,BCV-PU,loocv_undersampled_ratio2.0,2046,2023-01-16,Hold,Hold,True,2,SMA,technical,0.009002850390970707,PennyStocks,PHR
PennyStocks:PHR,BCV-PU,loocv_undersampled_ratio2.0,2046,2023-01-16,Hold,Hold,True,5,HMA,technical,0.00830371953343274,PennyStocks,PHR
PennyStocks:PHR,BCV-PU,loocv_undersampled_ratio2.0,2046,2023-01-16,Hold,Hold,True,4,WMA,technical,0.00797996319961385,PennyStocks,PHR
PennyStocks:PHR,BCV-PU,loocv_undersampled_ratio2.0,2046,2023-01-16,Hold,Hold,True,1,WilliamsR,technical,0.007942289489619725,PennyStocks,PHR
PennyStocks:PHR,BCV-PU,loocv_undersampled_ratio2.0,2046,2023-01-16,Hold,Hold,True,3,EMA,technical,0.007936589902965353,PennyStocks,PHR
PennyStocks:PHR,BCV-PU,loocv_undersampled_ratio2.0,2046,2023-01-16,Hold,Hold,True,7,CCI,technical,0.007713787341708666,PennyStocks,PHR
PennyStocks:PHR,BCV-PU,loocv_undersampled_ratio2.0,2046,2023-01-16,Hold,Hold,True,12,CMFI,technical,0.00731610389780144,PennyStocks,PHR
PennyStocks:PHR,BCV-PU,loocv_undersampled_ratio2.0,2046,2023-01-16,Hold,Hold,True,8,CMO,technical,0.005393696668033954,PennyStocks,PHR
PennyStocks:PHR,BCV-PU,loocv_undersampled_ratio2.0,2046,2023-01-16,Hold,Hold,True,19,Reverse Repurchase Rate (RRP),macro,0.005354878681828268,PennyStocks,PHR
PennyStocks:PHR,BCV-PU,loocv_undersampled_ratio2.0,2046,2023-01-16,Hold,Hold,True,13,DMI,technical,0.004803230064499076,PennyStocks,PHR
PennyStocks:PHR,BCV-PU,loocv_undersampled_ratio2.0,2046,2023-01-16,Hold,Hold,True,15,Oil,macro,0.0046997899808047805,PennyStocks,PHR
PennyStocks:PHR,BCV-PU,loocv_undersampled_ratio2.0,2046,2023-01-16,Hold,Hold,True,16,Gold,macro,0.004249168402748182,PennyStocks,PHR
PennyStocks:PHR,BCV-PU,loocv_undersampled_ratio2.0,2046,2023-01-16,Hold,Hold,True,14,PSI,technical,0.003507626516511664,PennyStocks,PHR
PennyStocks:PHR,BCV-PU,loocv_undersampled_ratio2.0,2046,2023-01-16,Hold,Hold,True,11,ROC,technical,0.0024587820156739327,PennyStocks,PHR
PennyStocks:PHR,BCV-PU,loocv_undersampled_ratio2.0,2046,2023-01-16,Hold,Hold,True,0,RSI,technical,0.0016309858465319849,PennyStocks,PHR
PennyStocks:PHR,BCV-PU,loocv_undersampled_ratio2.0,2046,2023-01-16,Hold,Hold,True,10,PPO,technical,0.0013637150408612798,PennyStocks,PHR
PennyStocks:PHR,BCV-PU,loocv_undersampled_ratio2.0,2046,2023-01-16,Hold,Hold,True,9,MACD,technical,0.00100524789049814,PennyStocks,PHR
PennyStocks:PHR,BCV-PU,loocv_undersampled_ratio2.0,2052,2023-01-24,Buy,Buy,True,7,CCI,technical,0.023690522792821866,PennyStocks,PHR
PennyStocks:PHR,BCV-PU,loocv_undersampled_ratio2.0,2052,2023-01-24,Buy,Buy,True,4,WMA,technical,0.020283111114986242,PennyStocks,PHR
PennyStocks:PHR,BCV-PU,loocv_undersampled_ratio2.0,2052,2023-01-24,Buy,Buy,True,1,WilliamsR,technical,0.018944940238725394,PennyStocks,PHR
PennyStocks:PHR,BCV-PU,loocv_undersampled_ratio2.0,2052,2023-01-24,Buy,Buy,True,6,TripleEMA,technical,0.018331654695793988,PennyStocks,PHR
PennyStocks:PHR,BCV-PU,loocv_undersampled_ratio2.0,2052,2023-01-24,Buy,Buy,True,17,Inflation Rate,macro,0.01615574131719768,PennyStocks,PHR
PennyStocks:PHR,BCV-PU,loocv_undersampled_ratio2.0,2052,2023-01-24,Buy,Buy,True,19,Reverse Repurchase Rate (RRP),macro,0.015104119927855209,PennyStocks,PHR
PennyStocks:PHR,BCV-PU,loocv_undersampled_ratio2.0,2052,2023-01-24,Buy,Buy,True,18,Purchasing Power of Peso,macro,0.012620581145165488,PennyStocks,PHR
PennyStocks:PHR,BCV-PU,loocv_undersampled_ratio2.0,2052,2023-01-24,Buy,Buy,True,5,HMA,technical,0.011075430666096509,PennyStocks,PHR
PennyStocks:PHR,BCV-PU,loocv_undersampled_ratio2.0,2052,2023-01-24,Buy,Buy,True,3,EMA,technical,0.008748983296391089,PennyStocks,PHR
PennyStocks:PHR,BCV-PU,loocv_undersampled_ratio2.0,2052,2023-01-24,Buy,Buy,True,12,CMFI,technical,0.008198124813497997,PennyStocks,PHR
PennyStocks:PHR,BCV-PU,loocv_undersampled_ratio2.0,2052,2023-01-24,Buy,Buy,True,8,CMO,technical,0.008174650400178507,PennyStocks,PHR
PennyStocks:PHR,BCV-PU,loocv_undersampled_ratio2.0,2052,2023-01-24,Buy,Buy,True,2,SMA,technical,0.008103185452637263,PennyStocks,PHR
PennyStocks:PHR,BCV-PU,loocv_undersampled_ratio2.0,2052,2023-01-24,Buy,Buy,True,16,Gold,macro,0.007365754192869644,PennyStocks,PHR
PennyStocks:PHR,BCV-PU,loocv_undersampled_ratio2.0,2052,2023-01-24,Buy,Buy,True,13,DMI,technical,0.005209752547671087,PennyStocks,PHR
PennyStocks:PHR,BCV-PU,loocv_undersampled_ratio2.0,2052,2023-01-24,Buy,Buy,True,10,PPO,technical,0.0049000768136465925,PennyStocks,PHR
PennyStocks:PHR,BCV-PU,loocv_undersampled_ratio2.0,2052,2023-01-24,Buy,Buy,True,15,Oil,macro,0.004371258072933415,PennyStocks,PHR
PennyStocks:PHR,BCV-PU,loocv_undersampled_ratio2.0,2052,2023-01-24,Buy,Buy,True,0,RSI,technical,0.0041280503388861686,PennyStocks,PHR
PennyStocks:PHR,BCV-PU,loocv_undersampled_ratio2.0,2052,2023-01-24,Buy,Buy,True,14,PSI,technical,0.0030039589037187397,PennyStocks,PHR
PennyStocks:PHR,BCV-PU,loocv_undersampled_ratio2.0,2052,2023-01-24,Buy,Buy,True,9,MACD,technical,0.0016516112128556414,PennyStocks,PHR
PennyStocks:PHR,BCV-PU,loocv_undersampled_ratio2.0,2052,2023-01-24,Buy,Buy,True,11,ROC,technical,0.0015182644168817206,PennyStocks,PHR
PennyStocks:PHR,BCV-PU,loocv_undersampled_ratio2.0,2055,2023-01-27,Hold,Hold,True,1,WilliamsR,technical,0.010811130993533879,PennyStocks,PHR
PennyStocks:PHR,BCV-PU,loocv_undersampled_ratio2.0,2055,2023-01-27,Hold,Hold,True,6,TripleEMA,technical,0.010213610346545466,PennyStocks,PHR
PennyStocks:PHR,BCV-PU,loocv_undersampled_ratio2.0,2055,2023-01-27,Hold,Hold,True,17,Inflation Rate,macro,0.009682492190040647,PennyStocks,PHR
PennyStocks:PHR,BCV-PU,loocv_undersampled_ratio2.0,2055,2023-01-27,Hold,Hold,True,7,CCI,technical,0.00883838693407597,PennyStocks,PHR
PennyStocks:PHR,BCV-PU,loocv_undersampled_ratio2.0,2055,2023-01-27,Hold,Hold,True,3,EMA,technical,0.007861226826207712,PennyStocks,PHR
PennyStocks:PHR,BCV-PU,loocv_undersampled_ratio2.0,2055,2023-01-27,Hold,Hold,True,2,SMA,technical,0.007378385262563824,PennyStocks,PHR
PennyStocks:PHR,BCV-PU,loocv_undersampled_ratio2.0,2055,2023-01-27,Hold,Hold,True,4,WMA,technical,0.007115131730097346,PennyStocks,PHR
PennyStocks:PHR,BCV-PU,loocv_undersampled_ratio2.0,2055,2023-01-27,Hold,Hold,True,5,HMA,technical,0.006785644503543154,PennyStocks,PHR
PennyStocks:PHR,BCV-PU,loocv_undersampled_ratio2.0,2055,2023-01-27,Hold,Hold,True,12,CMFI,technical,0.006681341117291595,PennyStocks,PHR
PennyStocks:PHR,BCV-PU,loocv_undersampled_ratio2.0,2055,2023-01-27,Hold,Hold,True,13,DMI,technical,0.006117171237565344,PennyStocks,PHR
PennyStocks:PHR,BCV-PU,loocv_undersampled_ratio2.0,2055,2023-01-27,Hold,Hold,True,18,Purchasing Power of Peso,macro,0.006025406649860088,PennyStocks,PHR
PennyStocks:PHR,BCV-PU,loocv_undersampled_ratio2.0,2055,2023-01-27,Hold,Hold,True,8,CMO,technical,0.005704900155978976,PennyStocks,PHR
PennyStocks:PHR,BCV-PU,loocv_undersampled_ratio2.0,2055,2023-01-27,Hold,Hold,True,19,Reverse Repurchase Rate (RRP),macro,0.005404709578215261,PennyStocks,PHR
PennyStocks:PHR,BCV-PU,loocv_undersampled_ratio2.0,2055,2023-01-27,Hold,Hold,True,15,Oil,macro,0.004469938509100757,PennyStocks,PHR
PennyStocks:PHR,BCV-PU,loocv_undersampled_ratio2.0,2055,2023-01-27,Hold,Hold,True,16,Gold,macro,0.004439513618126512,PennyStocks,PHR
PennyStocks:PHR,BCV-PU,loocv_undersampled_ratio2.0,2055,2023-01-27,Hold,Hold,True,14,PSI,technical,0.003532448344049044,PennyStocks,PHR
PennyStocks:PHR,BCV-PU,loocv_undersampled_ratio2.0,2055,2023-01-27,Hold,Hold,True,11,ROC,technical,0.003087073890128522,PennyStocks,PHR
PennyStocks:PHR,BCV-PU,loocv_undersampled_ratio2.0,2055,2023-01-27,Hold,Hold,True,0,RSI,technical,0.003017714780435199,PennyStocks,PHR
PennyStocks:PHR,BCV-PU,loocv_undersampled_ratio2.0,2055,2023-01-27,Hold,Hold,True,10,PPO,technical,0.002541304871920147,PennyStocks,PHR
PennyStocks:PHR,BCV-PU,loocv_undersampled_ratio2.0,2055,2023-01-27,Hold,Hold,True,9,MACD,technical,0.0008546809995095828,PennyStocks,PHR
PennyStocks:PHR,BCV-PU,loocv_undersampled_ratio2.0,2062,2023-02-07,Hold,Hold,True,6,TripleEMA,technical,0.01019550475757569,PennyStocks,PHR
PennyStocks:PHR,BCV-PU,loocv_undersampled_ratio2.0,2062,2023-02-07,Hold,Hold,True,4,WMA,technical,0.007930229039629921,PennyStocks,PHR
PennyStocks:PHR,BCV-PU,loocv_undersampled_ratio2.0,2062,2023-02-07,Hold,Hold,True,18,Purchasing Power of Peso,macro,0.007679219261626713,PennyStocks,PHR
PennyStocks:PHR,BCV-PU,loocv_undersampled_ratio2.0,2062,2023-02-07,Hold,Hold,True,5,HMA,technical,0.007580140288337134,PennyStocks,PHR
PennyStocks:PHR,BCV-PU,loocv_undersampled_ratio2.0,2062,2023-02-07,Hold,Hold,True,19,Reverse Repurchase Rate (RRP),macro,0.006163119822303997,PennyStocks,PHR
PennyStocks:PHR,BCV-PU,loocv_undersampled_ratio2.0,2062,2023-02-07,Hold,Hold,True,17,Inflation Rate,macro,0.006060424678435083,PennyStocks,PHR
PennyStocks:PHR,BCV-PU,loocv_undersampled_ratio2.0,2062,2023-02-07,Hold,Hold,True,2,SMA,technical,0.005714530943077989,PennyStocks,PHR
PennyStocks:PHR,BCV-PU,loocv_undersampled_ratio2.0,2062,2023-02-07,Hold,Hold,True,12,CMFI,technical,0.005607580922151101,PennyStocks,PHR
PennyStocks:PHR,BCV-PU,loocv_undersampled_ratio2.0,2062,2023-02-07,Hold,Hold,True,3,EMA,technical,0.004740827830391936,PennyStocks,PHR
PennyStocks:PHR,BCV-PU,loocv_undersampled_ratio2.0,2062,2023-02-07,Hold,Hold,True,1,WilliamsR,technical,0.00472636314589181,PennyStocks,PHR
PennyStocks:PHR,BCV-PU,loocv_undersampled_ratio2.0,2062,2023-02-07,Hold,Hold,True,8,CMO,technical,0.004355871795269195,PennyStocks,PHR
PennyStocks:PHR,BCV-PU,loocv_undersampled_ratio2.0,2062,2023-02-07,Hold,Hold,True,15,Oil,macro,0.00427370427059941,PennyStocks,PHR
PennyStocks:PHR,BCV-PU,loocv_undersampled_ratio2.0,2062,2023-02-07,Hold,Hold,True,7,CCI,technical,0.0035374497456359677,PennyStocks,PHR
PennyStocks:PHR,BCV-PU,loocv_undersampled_ratio2.0,2062,2023-02-07,Hold,Hold,True,14,PSI,technical,0.0021956525867608432,PennyStocks,PHR
PennyStocks:PHR,BCV-PU,loocv_undersampled_ratio2.0,2062,2023-02-07,Hold,Hold,True,16,Gold,macro,0.002098501197906444,PennyStocks,PHR
PennyStocks:PHR,BCV-PU,loocv_undersampled_ratio2.0,2062,2023-02-07,Hold,Hold,True,13,DMI,technical,0.0019334403018092417,PennyStocks,PHR
PennyStocks:PHR,BCV-PU,loocv_undersampled_ratio2.0,2062,2023-02-07,Hold,Hold,True,11,ROC,technical,0.001818857238686178,PennyStocks,PHR
PennyStocks:PHR,BCV-PU,loocv_undersampled_ratio2.0,2062,2023-02-07,Hold,Hold,True,10,PPO,technical,0.0017915435000759317,PennyStocks,PHR
PennyStocks:PHR,BCV-PU,loocv_undersampled_ratio2.0,2062,2023-02-07,Hold,Hold,True,0,RSI,technical,0.0016191602175240406,PennyStocks,PHR
PennyStocks:PHR,BCV-PU,loocv_undersampled_ratio2.0,2062,2023-02-07,Hold,Hold,True,9,MACD,technical,0.0005649423852446489,PennyStocks,PHR
PennyStocks:PHR,BCV-PU,loocv_undersampled_ratio2.0,2067,2023-02-14,Hold,Hold,True,6,TripleEMA,technical,0.01009664826124208,PennyStocks,PHR
PennyStocks:PHR,BCV-PU,loocv_undersampled_ratio2.0,2067,2023-02-14,Hold,Hold,True,4,WMA,technical,0.00710247591487132,PennyStocks,PHR
PennyStocks:PHR,BCV-PU,loocv_undersampled_ratio2.0,2067,2023-02-14,Hold,Hold,True,17,Inflation Rate,macro,0.006424917440745049,PennyStocks,PHR
PennyStocks:PHR,BCV-PU,loocv_undersampled_ratio2.0,2067,2023-02-14,Hold,Hold,True,19,Reverse Repurchase Rate (RRP),macro,0.006130761763779446,PennyStocks,PHR
PennyStocks:PHR,BCV-PU,loocv_undersampled_ratio2.0,2067,2023-02-14,Hold,Hold,True,18,Purchasing Power of Peso,macro,0.00593689172892482,PennyStocks,PHR
PennyStocks:PHR,BCV-PU,loocv_undersampled_ratio2.0,2067,2023-02-14,Hold,Hold,True,2,SMA,technical,0.0053817291394807395,PennyStocks,PHR
PennyStocks:PHR,BCV-PU,loocv_undersampled_ratio2.0,2067,2023-02-14,Hold,Hold,True,5,HMA,technical,0.005289973886465305,PennyStocks,PHR
PennyStocks:PHR,BCV-PU,loocv_undersampled_ratio2.0,2067,2023-02-14,Hold,Hold,True,3,EMA,technical,0.0050321741844527425,PennyStocks,PHR
PennyStocks:PHR,BCV-PU,loocv_undersampled_ratio2.0,2067,2023-02-14,Hold,Hold,True,15,Oil,macro,0.004756735468981787,PennyStocks,PHR
PennyStocks:PHR,BCV-PU,loocv_undersampled_ratio2.0,2067,2023-02-14,Hold,Hold,True,12,CMFI,technical,0.004280043709877645,PennyStocks,PHR
PennyStocks:PHR,BCV-PU,loocv_undersampled_ratio2.0,2067,2023-02-14,Hold,Hold,True,1,WilliamsR,technical,0.003527226430014707,PennyStocks,PHR
PennyStocks:PHR,BCV-PU,loocv_undersampled_ratio2.0,2067,2023-02-14,Hold,Hold,True,7,CCI,technical,0.0031510228000115603,PennyStocks,PHR
PennyStocks:PHR,BCV-PU,loocv_undersampled_ratio2.0,2067,2023-02-14,Hold,Hold,True,8,CMO,technical,0.0030625767068158893,PennyStocks,PHR
PennyStocks:PHR,BCV-PU,loocv_undersampled_ratio2.0,2067,2023-02-14,Hold,Hold,True,14,PSI,technical,0.0026093114483956015,PennyStocks,PHR
PennyStocks:PHR,BCV-PU,loocv_undersampled_ratio2.0,2067,2023-02-14,Hold,Hold,True,16,Gold,macro,0.0021757654059911145,PennyStocks,PHR
PennyStocks:PHR,BCV-PU,loocv_undersampled_ratio2.0,2067,2023-02-14,Hold,Hold,True,10,PPO,technical,0.0014873321042387032,PennyStocks,PHR
PennyStocks:PHR,BCV-PU,loocv_undersampled_ratio2.0,2067,2023-02-14,Hold,Hold,True,13,DMI,technical,0.0014398162937141023,PennyStocks,PHR
PennyStocks:PHR,BCV-PU,loocv_undersampled_ratio2.0,2067,2023-02-14,Hold,Hold,True,11,ROC,technical,0.0012834111028496408,PennyStocks,PHR
PennyStocks:PHR,BCV-PU,loocv_undersampled_ratio2.0,2067,2023-02-14,Hold,Hold,True,0,RSI,technical,0.0011992342377197928,PennyStocks,PHR
PennyStocks:PHR,BCV-PU,loocv_undersampled_ratio2.0,2067,2023-02-14,Hold,Hold,True,9,MACD,technical,0.0007116929768017144,PennyStocks,PHR
PennyStocks:PHR,BCV-PU,loocv_undersampled_ratio2.0,2114,2023-04-26,Hold,Hold,True,6,TripleEMA,technical,0.0102292299765395,PennyStocks,PHR
PennyStocks:PHR,BCV-PU,loocv_undersampled_ratio2.0,2114,2023-04-26,Hold,Hold,True,4,WMA,technical,0.008337189366284293,PennyStocks,PHR
PennyStocks:PHR,BCV-PU,loocv_undersampled_ratio2.0,2114,2023-04-26,Hold,Hold,True,18,Purchasing Power of Peso,macro,0.006597436483571073,PennyStocks,PHR
PennyStocks:PHR,BCV-PU,loocv_undersampled_ratio2.0,2114,2023-04-26,Hold,Hold,True,17,Inflation Rate,macro,0.006347467471641721,PennyStocks,PHR
PennyStocks:PHR,BCV-PU,loocv_undersampled_ratio2.0,2114,2023-04-26,Hold,Hold,True,2,SMA,technical,0.00618625178697414,PennyStocks,PHR
PennyStocks:PHR,BCV-PU,loocv_undersampled_ratio2.0,2114,2023-04-26,Hold,Hold,True,12,CMFI,technical,0.006106570195606764,PennyStocks,PHR
PennyStocks:PHR,BCV-PU,loocv_undersampled_ratio2.0,2114,2023-04-26,Hold,Hold,True,5,HMA,technical,0.0053051366623549255,PennyStocks,PHR
PennyStocks:PHR,BCV-PU,loocv_undersampled_ratio2.0,2114,2023-04-26,Hold,Hold,True,3,EMA,technical,0.004989661562012771,PennyStocks,PHR
PennyStocks:PHR,BCV-PU,loocv_undersampled_ratio2.0,2114,2023-04-26,Hold,Hold,True,19,Reverse Repurchase Rate (RRP),macro,0.004653383996628691,PennyStocks,PHR
PennyStocks:PHR,BCV-PU,loocv_undersampled_ratio2.0,2114,2023-04-26,Hold,Hold,True,1,WilliamsR,technical,0.004494240531130345,PennyStocks,PHR
PennyStocks:PHR,BCV-PU,loocv_undersampled_ratio2.0,2114,2023-04-26,Hold,Hold,True,13,DMI,technical,0.004463131261945819,PennyStocks,PHR
PennyStocks:PHR,BCV-PU,loocv_undersampled_ratio2.0,2114,2023-04-26,Hold,Hold,True,7,CCI,technical,0.004049816635233583,PennyStocks,PHR
PennyStocks:PHR,BCV-PU,loocv_undersampled_ratio2.0,2114,2023-04-26,Hold,Hold,True,15,Oil,macro,0.003988216008292511,PennyStocks,PHR
PennyStocks:PHR,BCV-PU,loocv_undersampled_ratio2.0,2114,2023-04-26,Hold,Hold,True,16,Gold,macro,0.003822311262047151,PennyStocks,PHR
PennyStocks:PHR,BCV-PU,loocv_undersampled_ratio2.0,2114,2023-04-26,Hold,Hold,True,8,CMO,technical,0.003312655335321324,PennyStocks,PHR
PennyStocks:PHR,BCV-PU,loocv_undersampled_ratio2.0,2114,2023-04-26,Hold,Hold,True,10,PPO,technical,0.003284135063586291,PennyStocks,PHR
PennyStocks:PHR,BCV-PU,loocv_undersampled_ratio2.0,2114,2023-04-26,Hold,Hold,True,0,RSI,technical,0.0029912618374510203,PennyStocks,PHR
PennyStocks:PHR,BCV-PU,loocv_undersampled_ratio2.0,2114,2023-04-26,Hold,Hold,True,14,PSI,technical,0.002528926216837135,PennyStocks,PHR
PennyStocks:PHR,BCV-PU,loocv_undersampled_ratio2.0,2114,2023-04-26,Hold,Hold,True,11,ROC,technical,0.0016714942627004347,PennyStocks,PHR
PennyStocks:PHR,BCV-PU,loocv_undersampled_ratio2.0,2114,2023-04-26,Hold,Hold,True,9,MACD,technical,0.0008571534086513566,PennyStocks,PHR
PennyStocks:PHR,BCV-PU,loocv_undersampled_ratio2.0,2124,2023-05-11,Buy,Buy,True,1,WilliamsR,technical,0.0248787596472539,PennyStocks,PHR
PennyStocks:PHR,BCV-PU,loocv_undersampled_ratio2.0,2124,2023-05-11,Buy,Buy,True,7,CCI,technical,0.02305836920713773,PennyStocks,PHR
PennyStocks:PHR,BCV-PU,loocv_undersampled_ratio2.0,2124,2023-05-11,Buy,Buy,True,0,RSI,technical,0.019077964033931492,PennyStocks,PHR
PennyStocks:PHR,BCV-PU,loocv_undersampled_ratio2.0,2124,2023-05-11,Buy,Buy,True,4,WMA,technical,0.017142462177434935,PennyStocks,PHR
PennyStocks:PHR,BCV-PU,loocv_undersampled_ratio2.0,2124,2023-05-11,Buy,Buy,True,8,CMO,technical,0.015508849883917718,PennyStocks,PHR
PennyStocks:PHR,BCV-PU,loocv_undersampled_ratio2.0,2124,2023-05-11,Buy,Buy,True,19,Reverse Repurchase Rate (RRP),macro,0.013261750404490158,PennyStocks,PHR
PennyStocks:PHR,BCV-PU,loocv_undersampled_ratio2.0,2124,2023-05-11,Buy,Buy,True,10,PPO,technical,0.012524721055524424,PennyStocks,PHR
PennyStocks:PHR,BCV-PU,loocv_undersampled_ratio2.0,2124,2023-05-11,Buy,Buy,True,17,Inflation Rate,macro,0.012032560599618592,PennyStocks,PHR
PennyStocks:PHR,BCV-PU,loocv_undersampled_ratio2.0,2124,2023-05-11,Buy,Buy,True,2,SMA,technical,0.010335354175185784,PennyStocks,PHR
PennyStocks:PHR,BCV-PU,loocv_undersampled_ratio2.0,2124,2023-05-11,Buy,Buy,True,3,EMA,technical,0.00958922654390335,PennyStocks,PHR
PennyStocks:PHR,BCV-PU,loocv_undersampled_ratio2.0,2124,2023-05-11,Buy,Buy,True,6,TripleEMA,technical,0.009316758283057424,PennyStocks,PHR
PennyStocks:PHR,BCV-PU,loocv_undersampled_ratio2.0,2124,2023-05-11,Buy,Buy,True,5,HMA,technical,0.008913455637230071,PennyStocks,PHR
PennyStocks:PHR,BCV-PU,loocv_undersampled_ratio2.0,2124,2023-05-11,Buy,Buy,True,18,Purchasing Power of Peso,macro,0.008885649262811057,PennyStocks,PHR
PennyStocks:PHR,BCV-PU,loocv_undersampled_ratio2.0,2124,2023-05-11,Buy,Buy,True,16,Gold,macro,0.007228580379523919,PennyStocks,PHR
PennyStocks:PHR,BCV-PU,loocv_undersampled_ratio2.0,2124,2023-05-11,Buy,Buy,True,12,CMFI,technical,0.006756844656774774,PennyStocks,PHR
PennyStocks:PHR,BCV-PU,loocv_undersampled_ratio2.0,2124,2023-05-11,Buy,Buy,True,14,PSI,technical,0.0058334545145044105,PennyStocks,PHR
PennyStocks:PHR,BCV-PU,loocv_undersampled_ratio2.0,2124,2023-05-11,Buy,Buy,True,13,DMI,technical,0.0046052855803282,PennyStocks,PHR
PennyStocks:PHR,BCV-PU,loocv_undersampled_ratio2.0,2124,2023-05-11,Buy,Buy,True,15,Oil,macro,0.0033002482868909055,PennyStocks,PHR
PennyStocks:PHR,BCV-PU,loocv_undersampled_ratio2.0,2124,2023-05-11,Buy,Buy,True,11,ROC,technical,0.0030796191334957258,PennyStocks,PHR
PennyStocks:PHR,BCV-PU,loocv_undersampled_ratio2.0,2124,2023-05-11,Buy,Buy,True,9,MACD,technical,0.001801094619440846,PennyStocks,PHR
PennyStocks:PHR,BCV-PU,loocv_undersampled_ratio2.0,2145,2023-06-09,Hold,Hold,True,6,TripleEMA,technical,0.008849278083653189,PennyStocks,PHR
PennyStocks:PHR,BCV-PU,loocv_undersampled_ratio2.0,2145,2023-06-09,Hold,Hold,True,4,WMA,technical,0.007931930810445919,PennyStocks,PHR
PennyStocks:PHR,BCV-PU,loocv_undersampled_ratio2.0,2145,2023-06-09,Hold,Hold,True,8,CMO,technical,0.007329547061817721,PennyStocks,PHR
PennyStocks:PHR,BCV-PU,loocv_undersampled_ratio2.0,2145,2023-06-09,Hold,Hold,True,2,SMA,technical,0.0067248889696202244,PennyStocks,PHR
PennyStocks:PHR,BCV-PU,loocv_undersampled_ratio2.0,2145,2023-06-09,Hold,Hold,True,12,CMFI,technical,0.006321200117236003,PennyStocks,PHR
PennyStocks:PHR,BCV-PU,loocv_undersampled_ratio2.0,2145,2023-06-09,Hold,Hold,True,3,EMA,technical,0.00617105133660516,PennyStocks,PHR
PennyStocks:PHR,BCV-PU,loocv_undersampled_ratio2.0,2145,2023-06-09,Hold,Hold,True,5,HMA,technical,0.0057563276975997725,PennyStocks,PHR
PennyStocks:PHR,BCV-PU,loocv_undersampled_ratio2.0,2145,2023-06-09,Hold,Hold,True,18,Purchasing Power of Peso,macro,0.005370189053428476,PennyStocks,PHR
PennyStocks:PHR,BCV-PU,loocv_undersampled_ratio2.0,2145,2023-06-09,Hold,Hold,True,17,Inflation Rate,macro,0.005211855343077332,PennyStocks,PHR
PennyStocks:PHR,BCV-PU,loocv_undersampled_ratio2.0,2145,2023-06-09,Hold,Hold,True,13,DMI,technical,0.005144812955404632,PennyStocks,PHR
PennyStocks:PHR,BCV-PU,loocv_undersampled_ratio2.0,2145,2023-06-09,Hold,Hold,True,7,CCI,technical,0.005079689533886267,PennyStocks,PHR
PennyStocks:PHR,BCV-PU,loocv_undersampled_ratio2.0,2145,2023-06-09,Hold,Hold,True,1,WilliamsR,technical,0.005015900814032648,PennyStocks,PHR
PennyStocks:PHR,BCV-PU,loocv_undersampled_ratio2.0,2145,2023-06-09,Hold,Hold,True,19,Reverse Repurchase Rate (RRP),macro,0.004770777785597602,PennyStocks,PHR
PennyStocks:PHR,BCV-PU,loocv_undersampled_ratio2.0,2145,2023-06-09,Hold,Hold,True,11,ROC,technical,0.00387302846647799,PennyStocks,PHR
PennyStocks:PHR,BCV-PU,loocv_undersampled_ratio2.0,2145,2023-06-09,Hold,Hold,True,15,Oil,macro,0.003109596405556658,PennyStocks,PHR
PennyStocks:PHR,BCV-PU,loocv_undersampled_ratio2.0,2145,2023-06-09,Hold,Hold,True,14,PSI,technical,0.002675958618056029,PennyStocks,PHR
PennyStocks:PHR,BCV-PU,loocv_undersampled_ratio2.0,2145,2023-06-09,Hold,Hold,True,10,PPO,technical,0.002231740338174859,PennyStocks,PHR
PennyStocks:PHR,BCV-PU,loocv_undersampled_ratio2.0,2145,2023-06-09,Hold,Hold,True,16,Gold,macro,0.0022154183827296945,PennyStocks,PHR
PennyStocks:PHR,BCV-PU,loocv_undersampled_ratio2.0,2145,2023-06-09,Hold,Hold,True,0,RSI,technical,0.0009617861435799568,PennyStocks,PHR
PennyStocks:PHR,BCV-PU,loocv_undersampled_ratio2.0,2145,2023-06-09,Hold,Hold,True,9,MACD,technical,0.0007030904629573342,PennyStocks,PHR
PennyStocks:PHR,BCV-PU,loocv_undersampled_ratio2.0,2183,2023-08-04,Hold,Hold,True,6,TripleEMA,technical,0.009186958739883266,PennyStocks,PHR
PennyStocks:PHR,BCV-PU,loocv_undersampled_ratio2.0,2183,2023-08-04,Hold,Hold,True,4,WMA,technical,0.007801988394930959,PennyStocks,PHR
PennyStocks:PHR,BCV-PU,loocv_undersampled_ratio2.0,2183,2023-08-04,Hold,Hold,True,2,SMA,technical,0.007340353023028001,PennyStocks,PHR
PennyStocks:PHR,BCV-PU,loocv_undersampled_ratio2.0,2183,2023-08-04,Hold,Hold,True,3,EMA,technical,0.0064775870841913274,PennyStocks,PHR
PennyStocks:PHR,BCV-PU,loocv_undersampled_ratio2.0,2183,2023-08-04,Hold,Hold,True,5,HMA,technical,0.00634024012615555,PennyStocks,PHR
PennyStocks:PHR,BCV-PU,loocv_undersampled_ratio2.0,2183,2023-08-04,Hold,Hold,True,12,CMFI,technical,0.0062146302756445945,PennyStocks,PHR
PennyStocks:PHR,BCV-PU,loocv_undersampled_ratio2.0,2183,2023-08-04,Hold,Hold,True,18,Purchasing Power of Peso,macro,0.006181282352190465,PennyStocks,PHR
PennyStocks:PHR,BCV-PU,loocv_undersampled_ratio2.0,2183,2023-08-04,Hold,Hold,True,7,CCI,technical,0.005597712679445976,PennyStocks,PHR
PennyStocks:PHR,BCV-PU,loocv_undersampled_ratio2.0,2183,2023-08-04,Hold,Hold,True,19,Reverse Repurchase Rate (RRP),macro,0.004596047624363564,PennyStocks,PHR
PennyStocks:PHR,BCV-PU,loocv_undersampled_ratio2.0,2183,2023-08-04,Hold,Hold,True,1,WilliamsR,technical,0.003958631961722858,PennyStocks,PHR
PennyStocks:PHR,BCV-PU,loocv_undersampled_ratio2.0,2183,2023-08-04,Hold,Hold,True,15,Oil,macro,0.0034484544812585227,PennyStocks,PHR
PennyStocks:PHR,BCV-PU,loocv_undersampled_ratio2.0,2183,2023-08-04,Hold,Hold,True,17,Inflation Rate,macro,0.003229411886422895,PennyStocks,PHR
PennyStocks:PHR,BCV-PU,loocv_undersampled_ratio2.0,2183,2023-08-04,Hold,Hold,True,14,PSI,technical,0.0027466611223644576,PennyStocks,PHR
PennyStocks:PHR,BCV-PU,loocv_undersampled_ratio2.0,2183,2023-08-04,Hold,Hold,True,8,CMO,technical,0.0027361641012248585,PennyStocks,PHR
PennyStocks:PHR,BCV-PU,loocv_undersampled_ratio2.0,2183,2023-08-04,Hold,Hold,True,16,Gold,macro,0.002310585687882849,PennyStocks,PHR
PennyStocks:PHR,BCV-PU,loocv_undersampled_ratio2.0,2183,2023-08-04,Hold,Hold,True,13,DMI,technical,0.0019125987335428362,PennyStocks,PHR
PennyStocks:PHR,BCV-PU,loocv_undersampled_ratio2.0,2183,2023-08-04,Hold,Hold,True,11,ROC,technical,0.0017171710308502952,PennyStocks,PHR
PennyStocks:PHR,BCV-PU,loocv_undersampled_ratio2.0,2183,2023-08-04,Hold,Hold,True,10,PPO,technical,0.0010186929372139274,PennyStocks,PHR
PennyStocks:PHR,BCV-PU,loocv_undersampled_ratio2.0,2183,2023-08-04,Hold,Hold,True,0,RSI,technical,0.0009446108388146968,PennyStocks,PHR
PennyStocks:PHR,BCV-PU,loocv_undersampled_ratio2.0,2183,2023-08-04,Hold,Hold,True,9,MACD,technical,0.0007589452980028,PennyStocks,PHR
PennyStocks:PHR,BCV-PU,loocv_undersampled_ratio2.0,2236,2023-10-20,Hold,Hold,True,1,WilliamsR,technical,0.012055547127965837,PennyStocks,PHR
PennyStocks:PHR,BCV-PU,loocv_undersampled_ratio2.0,2236,2023-10-20,Hold,Hold,True,6,TripleEMA,technical,0.011095097183715551,PennyStocks,PHR
PennyStocks:PHR,BCV-PU,loocv_undersampled_ratio2.0,2236,2023-10-20,Hold,Hold,True,10,PPO,technical,0.010764056007610634,PennyStocks,PHR
PennyStocks:PHR,BCV-PU,loocv_undersampled_ratio2.0,2236,2023-10-20,Hold,Hold,True,11,ROC,technical,0.008756085237837396,PennyStocks,PHR
PennyStocks:PHR,BCV-PU,loocv_undersampled_ratio2.0,2236,2023-10-20,Hold,Hold,True,7,CCI,technical,0.008095595179474913,PennyStocks,PHR
PennyStocks:PHR,BCV-PU,loocv_undersampled_ratio2.0,2236,2023-10-20,Hold,Hold,True,8,CMO,technical,0.0079161946719978,PennyStocks,PHR
PennyStocks:PHR,BCV-PU,loocv_undersampled_ratio2.0,2236,2023-10-20,Hold,Hold,True,4,WMA,technical,0.007263003330444917,PennyStocks,PHR
PennyStocks:PHR,BCV-PU,loocv_undersampled_ratio2.0,2236,2023-10-20,Hold,Hold,True,2,SMA,technical,0.007196591171668843,PennyStocks,PHR
PennyStocks:PHR,BCV-PU,loocv_undersampled_ratio2.0,2236,2023-10-20,Hold,Hold,True,5,HMA,technical,0.007145083536306629,PennyStocks,PHR
PennyStocks:PHR,BCV-PU,loocv_undersampled_ratio2.0,2236,2023-10-20,Hold,Hold,True,3,EMA,technical,0.007056526839005528,PennyStocks,PHR
PennyStocks:PHR,BCV-PU,loocv_undersampled_ratio2.0,2236,2023-10-20,Hold,Hold,True,15,Oil,macro,0.006930111558176577,PennyStocks,PHR
PennyStocks:PHR,BCV-PU,loocv_undersampled_ratio2.0,2236,2023-10-20,Hold,Hold,True,13,DMI,technical,0.00647895059955772,PennyStocks,PHR
PennyStocks:PHR,BCV-PU,loocv_undersampled_ratio2.0,2236,2023-10-20,Hold,Hold,True,18,Purchasing Power of Peso,macro,0.006019729317631573,PennyStocks,PHR
PennyStocks:PHR,BCV-PU,loocv_undersampled_ratio2.0,2236,2023-10-20,Hold,Hold,True,14,PSI,technical,0.00517027609894285,PennyStocks,PHR
PennyStocks:PHR,BCV-PU,loocv_undersampled_ratio2.0,2236,2023-10-20,Hold,Hold,True,19,Reverse Repurchase Rate (RRP),macro,0.004766010008279409,PennyStocks,PHR
PennyStocks:PHR,BCV-PU,loocv_undersampled_ratio2.0,2236,2023-10-20,Hold,Hold,True,17,Inflation Rate,macro,0.0037467753718374297,PennyStocks,PHR
PennyStocks:PHR,BCV-PU,loocv_undersampled_ratio2.0,2236,2023-10-20,Hold,Hold,True,0,RSI,technical,0.00353252126078587,PennyStocks,PHR
PennyStocks:PHR,BCV-PU,loocv_undersampled_ratio2.0,2236,2023-10-20,Hold,Hold,True,12,CMFI,technical,0.0031984520028345287,PennyStocks,PHR
PennyStocks:PHR,BCV-PU,loocv_undersampled_ratio2.0,2236,2023-10-20,Hold,Hold,True,16,Gold,macro,0.001906973163386283,PennyStocks,PHR
PennyStocks:PHR,BCV-PU,loocv_undersampled_ratio2.0,2236,2023-10-20,Hold,Hold,True,9,MACD,technical,0.0007873470885897405,PennyStocks,PHR
PennyStocks:PHR,BCV-PU,loocv_undersampled_ratio2.0,2255,2023-11-21,Hold,Hold,True,12,CMFI,technical,0.014014891494298354,PennyStocks,PHR
PennyStocks:PHR,BCV-PU,loocv_undersampled_ratio2.0,2255,2023-11-21,Hold,Hold,True,1,WilliamsR,technical,0.007774818385951221,PennyStocks,PHR
PennyStocks:PHR,BCV-PU,loocv_undersampled_ratio2.0,2255,2023-11-21,Hold,Hold,True,6,TripleEMA,technical,0.00749815400049556,PennyStocks,PHR
PennyStocks:PHR,BCV-PU,loocv_undersampled_ratio2.0,2255,2023-11-21,Hold,Hold,True,2,SMA,technical,0.0072454088716767725,PennyStocks,PHR
PennyStocks:PHR,BCV-PU,loocv_undersampled_ratio2.0,2255,2023-11-21,Hold,Hold,True,18,Purchasing Power of Peso,macro,0.007154591407424959,PennyStocks,PHR
PennyStocks:PHR,BCV-PU,loocv_undersampled_ratio2.0,2255,2023-11-21,Hold,Hold,True,4,WMA,technical,0.00626211790367961,PennyStocks,PHR
PennyStocks:PHR,BCV-PU,loocv_undersampled_ratio2.0,2255,2023-11-21,Hold,Hold,True,3,EMA,technical,0.006245166681037517,PennyStocks,PHR
PennyStocks:PHR,BCV-PU,loocv_undersampled_ratio2.0,2255,2023-11-21,Hold,Hold,True,19,Reverse Repurchase Rate (RRP),macro,0.005612777614078368,PennyStocks,PHR
PennyStocks:PHR,BCV-PU,loocv_undersampled_ratio2.0,2255,2023-11-21,Hold,Hold,True,5,HMA,technical,0.0053156950394622985,PennyStocks,PHR
PennyStocks:PHR,BCV-PU,loocv_undersampled_ratio2.0,2255,2023-11-21,Hold,Hold,True,15,Oil,macro,0.004535123401365126,PennyStocks,PHR
PennyStocks:PHR,BCV-PU,loocv_undersampled_ratio2.0,2255,2023-11-21,Hold,Hold,True,8,CMO,technical,0.003637244658602867,PennyStocks,PHR
PennyStocks:PHR,BCV-PU,loocv_undersampled_ratio2.0,2255,2023-11-21,Hold,Hold,True,13,DMI,technical,0.003478635448846035,PennyStocks,PHR
PennyStocks:PHR,BCV-PU,loocv_undersampled_ratio2.0,2255,2023-11-21,Hold,Hold,True,14,PSI,technical,0.003094358192902291,PennyStocks,PHR
PennyStocks:PHR,BCV-PU,loocv_undersampled_ratio2.0,2255,2023-11-21,Hold,Hold,True,10,PPO,technical,0.00289880992640974,PennyStocks,PHR
PennyStocks:PHR,BCV-PU,loocv_undersampled_ratio2.0,2255,2023-11-21,Hold,Hold,True,16,Gold,macro,0.0022657919020275586,PennyStocks,PHR
PennyStocks:PHR,BCV-PU,loocv_undersampled_ratio2.0,2255,2023-11-21,Hold,Hold,True,7,CCI,technical,0.00211541226162808,PennyStocks,PHR
PennyStocks:PHR,BCV-PU,loocv_undersampled_ratio2.0,2255,2023-11-21,Hold,Hold,True,17,Inflation Rate,macro,0.002005945294513367,PennyStocks,PHR
PennyStocks:PHR,BCV-PU,loocv_undersampled_ratio2.0,2255,2023-11-21,Hold,Hold,True,0,RSI,technical,0.0019677248459629483,PennyStocks,PHR
PennyStocks:PHR,BCV-PU,loocv_undersampled_ratio2.0,2255,2023-11-21,Hold,Hold,True,11,ROC,technical,0.0013971349991152237,PennyStocks,PHR
PennyStocks:PHR,BCV-PU,loocv_undersampled_ratio2.0,2255,2023-11-21,Hold,Hold,True,9,MACD,technical,0.00046746080897719366,PennyStocks,PHR
PennyStocks:PHR,BCV-PU,loocv_undersampled_ratio2.0,2275,2023-12-21,Buy,Buy,True,1,WilliamsR,technical,0.03810119433037471,PennyStocks,PHR
PennyStocks:PHR,BCV-PU,loocv_undersampled_ratio2.0,2275,2023-12-21,Buy,Buy,True,7,CCI,technical,0.018830042079207486,PennyStocks,PHR
PennyStocks:PHR,BCV-PU,loocv_undersampled_ratio2.0,2275,2023-12-21,Buy,Buy,True,8,CMO,technical,0.013710419868993995,PennyStocks,PHR
PennyStocks:PHR,BCV-PU,loocv_undersampled_ratio2.0,2275,2023-12-21,Buy,Buy,True,6,TripleEMA,technical,0.013234151859069242,PennyStocks,PHR
PennyStocks:PHR,BCV-PU,loocv_undersampled_ratio2.0,2275,2023-12-21,Buy,Buy,True,4,WMA,technical,0.013096575869712978,PennyStocks,PHR
PennyStocks:PHR,BCV-PU,loocv_undersampled_ratio2.0,2275,2023-12-21,Buy,Buy,True,3,EMA,technical,0.010999956152227241,PennyStocks,PHR
PennyStocks:PHR,BCV-PU,loocv_undersampled_ratio2.0,2275,2023-12-21,Buy,Buy,True,2,SMA,technical,0.010588922225724672,PennyStocks,PHR
PennyStocks:PHR,BCV-PU,loocv_undersampled_ratio2.0,2275,2023-12-21,Buy,Buy,True,19,Reverse Repurchase Rate (RRP),macro,0.010384177061496302,PennyStocks,PHR
PennyStocks:PHR,BCV-PU,loocv_undersampled_ratio2.0,2275,2023-12-21,Buy,Buy,True,18,Purchasing Power of Peso,macro,0.009239250655082288,PennyStocks,PHR
PennyStocks:PHR,BCV-PU,loocv_undersampled_ratio2.0,2275,2023-12-21,Buy,Buy,True,5,HMA,technical,0.008275704672269058,PennyStocks,PHR
PennyStocks:PHR,BCV-PU,loocv_undersampled_ratio2.0,2275,2023-12-21,Buy,Buy,True,0,RSI,technical,0.007865549076814204,PennyStocks,PHR
PennyStocks:PHR,BCV-PU,loocv_undersampled_ratio2.0,2275,2023-12-21,Buy,Buy,True,12,CMFI,technical,0.006433142549940385,PennyStocks,PHR
PennyStocks:PHR,BCV-PU,loocv_undersampled_ratio2.0,2275,2023-12-21,Buy,Buy,True,15,Oil,macro,0.0051351988106034694,PennyStocks,PHR
PennyStocks:PHR,BCV-PU,loocv_undersampled_ratio2.0,2275,2023-12-21,Buy,Buy,True,14,PSI,technical,0.004240649817802478,PennyStocks,PHR
PennyStocks:PHR,BCV-PU,loocv_undersampled_ratio2.0,2275,2023-12-21,Buy,Buy,True,11,ROC,technical,0.003851453021343332,PennyStocks,PHR
PennyStocks:PHR,BCV-PU,loocv_undersampled_ratio2.0,2275,2023-12-21,Buy,Buy,True,13,DMI,technical,0.0033425451940274796,PennyStocks,PHR
PennyStocks:PHR,BCV-PU,loocv_undersampled_ratio2.0,2275,2023-12-21,Buy,Buy,True,16,Gold,macro,0.0031115224192035384,PennyStocks,PHR
PennyStocks:PHR,BCV-PU,loocv_undersampled_ratio2.0,2275,2023-12-21,Buy,Buy,True,17,Inflation Rate,macro,0.0019739265509997493,PennyStocks,PHR
PennyStocks:PHR,BCV-PU,loocv_undersampled_ratio2.0,2275,2023-12-21,Buy,Buy,True,10,PPO,technical,0.0019334375858306885,PennyStocks,PHR
PennyStocks:PHR,BCV-PU,loocv_undersampled_ratio2.0,2275,2023-12-21,Buy,Buy,True,9,MACD,technical,0.0012721351780783153,PennyStocks,PHR
PennyStocks:PHR,BCV-PU,loocv_undersampled_ratio2.0,2377,2024-05-24,Hold,Hold,True,6,TripleEMA,technical,0.009455080685438589,PennyStocks,PHR
PennyStocks:PHR,BCV-PU,loocv_undersampled_ratio2.0,2377,2024-05-24,Hold,Hold,True,12,CMFI,technical,0.007968490888015368,PennyStocks,PHR
PennyStocks:PHR,BCV-PU,loocv_undersampled_ratio2.0,2377,2024-05-24,Hold,Hold,True,4,WMA,technical,0.006822894749348052,PennyStocks,PHR
PennyStocks:PHR,BCV-PU,loocv_undersampled_ratio2.0,2377,2024-05-24,Hold,Hold,True,5,HMA,technical,0.006471579024218954,PennyStocks,PHR
PennyStocks:PHR,BCV-PU,loocv_undersampled_ratio2.0,2377,2024-05-24,Hold,Hold,True,18,Purchasing Power of Peso,macro,0.006336972178542055,PennyStocks,PHR
PennyStocks:PHR,BCV-PU,loocv_undersampled_ratio2.0,2377,2024-05-24,Hold,Hold,True,3,EMA,technical,0.005880047357641161,PennyStocks,PHR
PennyStocks:PHR,BCV-PU,loocv_undersampled_ratio2.0,2377,2024-05-24,Hold,Hold,True,2,SMA,technical,0.005272648672689684,PennyStocks,PHR
PennyStocks:PHR,BCV-PU,loocv_undersampled_ratio2.0,2377,2024-05-24,Hold,Hold,True,19,Reverse Repurchase Rate (RRP),macro,0.0041694647436088415,PennyStocks,PHR
PennyStocks:PHR,BCV-PU,loocv_undersampled_ratio2.0,2377,2024-05-24,Hold,Hold,True,8,CMO,technical,0.003991860218957299,PennyStocks,PHR
PennyStocks:PHR,BCV-PU,loocv_undersampled_ratio2.0,2377,2024-05-24,Hold,Hold,True,16,Gold,macro,0.003922357159171952,PennyStocks,PHR
PennyStocks:PHR,BCV-PU,loocv_undersampled_ratio2.0,2377,2024-05-24,Hold,Hold,True,15,Oil,macro,0.0038116188981803132,PennyStocks,PHR
PennyStocks:PHR,BCV-PU,loocv_undersampled_ratio2.0,2377,2024-05-24,Hold,Hold,True,13,DMI,technical,0.003686955622106325,PennyStocks,PHR
PennyStocks:PHR,BCV-PU,loocv_undersampled_ratio2.0,2377,2024-05-24,Hold,Hold,True,1,WilliamsR,technical,0.0033240695014683298,PennyStocks,PHR
PennyStocks:PHR,BCV-PU,loocv_undersampled_ratio2.0,2377,2024-05-24,Hold,Hold,True,7,CCI,technical,0.002348236036777962,PennyStocks,PHR
PennyStocks:PHR,BCV-PU,loocv_undersampled_ratio2.0,2377,2024-05-24,Hold,Hold,True,14,PSI,technical,0.0022658619927824475,PennyStocks,PHR
PennyStocks:PHR,BCV-PU,loocv_undersampled_ratio2.0,2377,2024-05-24,Hold,Hold,True,11,ROC,technical,0.0017584718354555662,PennyStocks,PHR
PennyStocks:PHR,BCV-PU,loocv_undersampled_ratio2.0,2377,2024-05-24,Hold,Hold,True,17,Inflation Rate,macro,0.0014995069166616303,PennyStocks,PHR
PennyStocks:PHR,BCV-PU,loocv_undersampled_ratio2.0,2377,2024-05-24,Hold,Hold,True,0,RSI,technical,0.001021191283416556,PennyStocks,PHR
PennyStocks:PHR,BCV-PU,loocv_undersampled_ratio2.0,2377,2024-05-24,Hold,Hold,True,10,PPO,technical,0.0008409145144469221,PennyStocks,PHR
PennyStocks:PHR,BCV-PU,loocv_undersampled_ratio2.0,2377,2024-05-24,Hold,Hold,True,9,MACD,technical,0.0006087636873417068,PennyStocks,PHR
PennyStocks:PHR,BCV-PU,loocv_undersampled_ratio2.0,2417,2024-07-23,Hold,Hold,True,12,CMFI,technical,0.009520458227780183,PennyStocks,PHR
PennyStocks:PHR,BCV-PU,loocv_undersampled_ratio2.0,2417,2024-07-23,Hold,Hold,True,6,TripleEMA,technical,0.008873635616328101,PennyStocks,PHR
PennyStocks:PHR,BCV-PU,loocv_undersampled_ratio2.0,2417,2024-07-23,Hold,Hold,True,13,DMI,technical,0.008193562289670808,PennyStocks,PHR
PennyStocks:PHR,BCV-PU,loocv_undersampled_ratio2.0,2417,2024-07-23,Hold,Hold,True,2,SMA,technical,0.007051193345614592,PennyStocks,PHR
PennyStocks:PHR,BCV-PU,loocv_undersampled_ratio2.0,2417,2024-07-23,Hold,Hold,True,4,WMA,technical,0.0066789443633751945,PennyStocks,PHR
PennyStocks:PHR,BCV-PU,loocv_undersampled_ratio2.0,2417,2024-07-23,Hold,Hold,True,18,Purchasing Power of Peso,macro,0.006405674806956085,PennyStocks,PHR
PennyStocks:PHR,BCV-PU,loocv_undersampled_ratio2.0,2417,2024-07-23,Hold,Hold,True,5,HMA,technical,0.006025982730170654,PennyStocks,PHR
PennyStocks:PHR,BCV-PU,loocv_undersampled_ratio2.0,2417,2024-07-23,Hold,Hold,True,1,WilliamsR,technical,0.006011776168816141,PennyStocks,PHR
PennyStocks:PHR,BCV-PU,loocv_undersampled_ratio2.0,2417,2024-07-23,Hold,Hold,True,3,EMA,technical,0.005389629958153818,PennyStocks,PHR
PennyStocks:PHR,BCV-PU,loocv_undersampled_ratio2.0,2417,2024-07-23,Hold,Hold,True,15,Oil,macro,0.004901113919913769,PennyStocks,PHR
PennyStocks:PHR,BCV-PU,loocv_undersampled_ratio2.0,2417,2024-07-23,Hold,Hold,True,19,Reverse Repurchase Rate (RRP),macro,0.00473706515331287,PennyStocks,PHR
PennyStocks:PHR,BCV-PU,loocv_undersampled_ratio2.0,2417,2024-07-23,Hold,Hold,True,8,CMO,technical,0.004578331519587664,PennyStocks,PHR
PennyStocks:PHR,BCV-PU,loocv_undersampled_ratio2.0,2417,2024-07-23,Hold,Hold,True,10,PPO,technical,0.003942822106182575,PennyStocks,PHR
PennyStocks:PHR,BCV-PU,loocv_undersampled_ratio2.0,2417,2024-07-23,Hold,Hold,True,16,Gold,macro,0.0038894789162441158,PennyStocks,PHR
PennyStocks:PHR,BCV-PU,loocv_undersampled_ratio2.0,2417,2024-07-23,Hold,Hold,True,14,PSI,technical,0.0037238793389406054,PennyStocks,PHR
PennyStocks:PHR,BCV-PU,loocv_undersampled_ratio2.0,2417,2024-07-23,Hold,Hold,True,0,RSI,technical,0.0035958026157459242,PennyStocks,PHR
PennyStocks:PHR,BCV-PU,loocv_undersampled_ratio2.0,2417,2024-07-23,Hold,Hold,True,17,Inflation Rate,macro,0.0026027422325569207,PennyStocks,PHR
PennyStocks:PHR,BCV-PU,loocv_undersampled_ratio2.0,2417,2024-07-23,Hold,Hold,True,7,CCI,technical,0.0022952710009121803,PennyStocks,PHR
PennyStocks:PHR,BCV-PU,loocv_undersampled_ratio2.0,2417,2024-07-23,Hold,Hold,True,11,ROC,technical,0.0020420267388544743,PennyStocks,PHR
PennyStocks:PHR,BCV-PU,loocv_undersampled_ratio2.0,2417,2024-07-23,Hold,Hold,True,9,MACD,technical,0.0009114250818129221,PennyStocks,PHR
PennyStocks:PHR,BCV-PU,loocv_undersampled_ratio2.0,2438,2024-08-22,Hold,Hold,True,6,TripleEMA,technical,0.011844022170407698,PennyStocks,PHR
PennyStocks:PHR,BCV-PU,loocv_undersampled_ratio2.0,2438,2024-08-22,Hold,Hold,True,4,WMA,technical,0.00803961969941156,PennyStocks,PHR
PennyStocks:PHR,BCV-PU,loocv_undersampled_ratio2.0,2438,2024-08-22,Hold,Hold,True,5,HMA,technical,0.006520386150805279,PennyStocks,PHR
PennyStocks:PHR,BCV-PU,loocv_undersampled_ratio2.0,2438,2024-08-22,Hold,Hold,True,2,SMA,technical,0.006479015196964611,PennyStocks,PHR
PennyStocks:PHR,BCV-PU,loocv_undersampled_ratio2.0,2438,2024-08-22,Hold,Hold,True,18,Purchasing Power of Peso,macro,0.006399007444269955,PennyStocks,PHR
PennyStocks:PHR,BCV-PU,loocv_undersampled_ratio2.0,2438,2024-08-22,Hold,Hold,True,12,CMFI,technical,0.005897722960799001,PennyStocks,PHR
PennyStocks:PHR,BCV-PU,loocv_undersampled_ratio2.0,2438,2024-08-22,Hold,Hold,True,15,Oil,macro,0.005116245242243167,PennyStocks,PHR
PennyStocks:PHR,BCV-PU,loocv_undersampled_ratio2.0,2438,2024-08-22,Hold,Hold,True,19,Reverse Repurchase Rate (RRP),macro,0.004926761565729976,PennyStocks,PHR
PennyStocks:PHR,BCV-PU,loocv_undersampled_ratio2.0,2438,2024-08-22,Hold,Hold,True,1,WilliamsR,technical,0.00436599650856806,PennyStocks,PHR
PennyStocks:PHR,BCV-PU,loocv_undersampled_ratio2.0,2438,2024-08-22,Hold,Hold,True,3,EMA,technical,0.004340458833030425,PennyStocks,PHR
PennyStocks:PHR,BCV-PU,loocv_undersampled_ratio2.0,2438,2024-08-22,Hold,Hold,True,8,CMO,technical,0.003382089615570294,PennyStocks,PHR
PennyStocks:PHR,BCV-PU,loocv_undersampled_ratio2.0,2438,2024-08-22,Hold,Hold,True,14,PSI,technical,0.002519801898233709,PennyStocks,PHR
PennyStocks:PHR,BCV-PU,loocv_undersampled_ratio2.0,2438,2024-08-22,Hold,Hold,True,7,CCI,technical,0.002400743524049176,PennyStocks,PHR
PennyStocks:PHR,BCV-PU,loocv_undersampled_ratio2.0,2438,2024-08-22,Hold,Hold,True,16,Gold,macro,0.0020970968391338827,PennyStocks,PHR
PennyStocks:PHR,BCV-PU,loocv_undersampled_ratio2.0,2438,2024-08-22,Hold,Hold,True,13,DMI,technical,0.0019119670079817297,PennyStocks,PHR
PennyStocks:PHR,BCV-PU,loocv_undersampled_ratio2.0,2438,2024-08-22,Hold,Hold,True,0,RSI,technical,0.0016208133746204111,PennyStocks,PHR
PennyStocks:PHR,BCV-PU,loocv_undersampled_ratio2.0,2438,2024-08-22,Hold,Hold,True,17,Inflation Rate,macro,0.0015157238540268736,PennyStocks,PHR
PennyStocks:PHR,BCV-PU,loocv_undersampled_ratio2.0,2438,2024-08-22,Hold,Hold,True,10,PPO,technical,0.0014693538907522452,PennyStocks,PHR
PennyStocks:PHR,BCV-PU,loocv_undersampled_ratio2.0,2438,2024-08-22,Hold,Hold,True,9,MACD,technical,0.001116593183542136,PennyStocks,PHR
PennyStocks:PHR,BCV-PU,loocv_undersampled_ratio2.0,2438,2024-08-22,Hold,Hold,True,11,ROC,technical,0.0010224414786534908,PennyStocks,PHR
PennyStocks:PHR,BCV-PU,loocv_undersampled_ratio2.0,2572,2025-03-11,Hold,Hold,True,6,TripleEMA,technical,0.011015934066381305,PennyStocks,PHR
PennyStocks:PHR,BCV-PU,loocv_undersampled_ratio2.0,2572,2025-03-11,Hold,Hold,True,12,CMFI,technical,0.00913448425126262,PennyStocks,PHR
PennyStocks:PHR,BCV-PU,loocv_undersampled_ratio2.0,2572,2025-03-11,Hold,Hold,True,4,WMA,technical,0.00869872325565666,PennyStocks,PHR
PennyStocks:PHR,BCV-PU,loocv_undersampled_ratio2.0,2572,2025-03-11,Hold,Hold,True,18,Purchasing Power of Peso,macro,0.007310956992296269,PennyStocks,PHR
PennyStocks:PHR,BCV-PU,loocv_undersampled_ratio2.0,2572,2025-03-11,Hold,Hold,True,1,WilliamsR,technical,0.005834109225543216,PennyStocks,PHR
PennyStocks:PHR,BCV-PU,loocv_undersampled_ratio2.0,2572,2025-03-11,Hold,Hold,True,5,HMA,technical,0.005666400327754673,PennyStocks,PHR
PennyStocks:PHR,BCV-PU,loocv_undersampled_ratio2.0,2572,2025-03-11,Hold,Hold,True,2,SMA,technical,0.005567231442546472,PennyStocks,PHR
PennyStocks:PHR,BCV-PU,loocv_undersampled_ratio2.0,2572,2025-03-11,Hold,Hold,True,10,PPO,technical,0.005169830447994172,PennyStocks,PHR
PennyStocks:PHR,BCV-PU,loocv_undersampled_ratio2.0,2572,2025-03-11,Hold,Hold,True,3,EMA,technical,0.005017817566476878,PennyStocks,PHR
PennyStocks:PHR,BCV-PU,loocv_undersampled_ratio2.0,2572,2025-03-11,Hold,Hold,True,14,PSI,technical,0.004660840338328853,PennyStocks,PHR
PennyStocks:PHR,BCV-PU,loocv_undersampled_ratio2.0,2572,2025-03-11,Hold,Hold,True,19,Reverse Repurchase Rate (RRP),macro,0.0045922956234733196,PennyStocks,PHR
PennyStocks:PHR,BCV-PU,loocv_undersampled_ratio2.0,2572,2025-03-11,Hold,Hold,True,13,DMI,technical,0.003169400928891264,PennyStocks,PHR
PennyStocks:PHR,BCV-PU,loocv_undersampled_ratio2.0,2572,2025-03-11,Hold,Hold,True,8,CMO,technical,0.002838144522138464,PennyStocks,PHR
PennyStocks:PHR,BCV-PU,loocv_undersampled_ratio2.0,2572,2025-03-11,Hold,Hold,True,0,RSI,technical,0.002805218126013642,PennyStocks,PHR
PennyStocks:PHR,BCV-PU,loocv_undersampled_ratio2.0,2572,2025-03-11,Hold,Hold,True,16,Gold,macro,0.002678075208859809,PennyStocks,PHR
PennyStocks:PHR,BCV-PU,loocv_undersampled_ratio2.0,2572,2025-03-11,Hold,Hold,True,7,CCI,technical,0.0025060315507289487,PennyStocks,PHR
PennyStocks:PHR,BCV-PU,loocv_undersampled_ratio2.0,2572,2025-03-11,Hold,Hold,True,15,Oil,macro,0.0024324194087967043,PennyStocks,PHR
PennyStocks:PHR,BCV-PU,loocv_undersampled_ratio2.0,2572,2025-03-11,Hold,Hold,True,17,Inflation Rate,macro,0.002386814471174148,PennyStocks,PHR
PennyStocks:PHR,BCV-PU,loocv_undersampled_ratio2.0,2572,2025-03-11,Hold,Hold,True,11,ROC,technical,0.0018929270481748972,PennyStocks,PHR
PennyStocks:PHR,BCV-PU,loocv_undersampled_ratio2.0,2572,2025-03-11,Hold,Hold,True,9,MACD,technical,0.0008898691574358963,PennyStocks,PHR
PennyStocks:PHR,BCV-PU,loocv_undersampled_ratio2.0,2612,2025-05-14,Hold,Hold,True,6,TripleEMA,technical,0.008994804669418955,PennyStocks,PHR
PennyStocks:PHR,BCV-PU,loocv_undersampled_ratio2.0,2612,2025-05-14,Hold,Hold,True,4,WMA,technical,0.008515103696845472,PennyStocks,PHR
PennyStocks:PHR,BCV-PU,loocv_undersampled_ratio2.0,2612,2025-05-14,Hold,Hold,True,3,EMA,technical,0.006699622992891818,PennyStocks,PHR
PennyStocks:PHR,BCV-PU,loocv_undersampled_ratio2.0,2612,2025-05-14,Hold,Hold,True,2,SMA,technical,0.006036740242416272,PennyStocks,PHR
PennyStocks:PHR,BCV-PU,loocv_undersampled_ratio2.0,2612,2025-05-14,Hold,Hold,True,5,HMA,technical,0.005925138191014412,PennyStocks,PHR
PennyStocks:PHR,BCV-PU,loocv_undersampled_ratio2.0,2612,2025-05-14,Hold,Hold,True,18,Purchasing Power of Peso,macro,0.005806413153186441,PennyStocks,PHR
PennyStocks:PHR,BCV-PU,loocv_undersampled_ratio2.0,2612,2025-05-14,Hold,Hold,True,19,Reverse Repurchase Rate (RRP),macro,0.005424754967680201,PennyStocks,PHR
PennyStocks:PHR,BCV-PU,loocv_undersampled_ratio2.0,2612,2025-05-14,Hold,Hold,True,12,CMFI,technical,0.004876714671263471,PennyStocks,PHR
PennyStocks:PHR,BCV-PU,loocv_undersampled_ratio2.0,2612,2025-05-14,Hold,Hold,True,13,DMI,technical,0.004404655371035915,PennyStocks,PHR
PennyStocks:PHR,BCV-PU,loocv_undersampled_ratio2.0,2612,2025-05-14,Hold,Hold,True,1,WilliamsR,technical,0.0036997964576585217,PennyStocks,PHR
PennyStocks:PHR,BCV-PU,loocv_undersampled_ratio2.0,2612,2025-05-14,Hold,Hold,True,15,Oil,macro,0.003570405968639534,PennyStocks,PHR
PennyStocks:PHR,BCV-PU,loocv_undersampled_ratio2.0,2612,2025-05-14,Hold,Hold,True,8,CMO,technical,0.003144403478654567,PennyStocks,PHR
PennyStocks:PHR,BCV-PU,loocv_undersampled_ratio2.0,2612,2025-05-14,Hold,Hold,True,17,Inflation Rate,macro,0.002929426140326541,PennyStocks,PHR
PennyStocks:PHR,BCV-PU,loocv_undersampled_ratio2.0,2612,2025-05-14,Hold,Hold,True,14,PSI,technical,0.002665467265978805,PennyStocks,PHR
PennyStocks:PHR,BCV-PU,loocv_undersampled_ratio2.0,2612,2025-05-14,Hold,Hold,True,16,Gold,macro,0.002554195588163566,PennyStocks,PHR
PennyStocks:PHR,BCV-PU,loocv_undersampled_ratio2.0,2612,2025-05-14,Hold,Hold,True,10,PPO,technical,0.001993637506348023,PennyStocks,PHR
PennyStocks:PHR,BCV-PU,loocv_undersampled_ratio2.0,2612,2025-05-14,Hold,Hold,True,7,CCI,technical,0.0016372752463212237,PennyStocks,PHR
PennyStocks:PHR,BCV-PU,loocv_undersampled_ratio2.0,2612,2025-05-14,Hold,Hold,True,0,RSI,technical,0.0013811915722271805,PennyStocks,PHR
PennyStocks:PHR,BCV-PU,loocv_undersampled_ratio2.0,2612,2025-05-14,Hold,Hold,True,11,ROC,technical,0.001160838300074829,PennyStocks,PHR
PennyStocks:PHR,BCV-PU,loocv_undersampled_ratio2.0,2612,2025-05-14,Hold,Hold,True,9,MACD,technical,0.000885707603447372,PennyStocks,PHR
PennyStocks:PHR,BCV-PU,loocv_undersampled_ratio2.0,2630,2025-06-10,Buy,Buy,True,1,WilliamsR,technical,0.045801835041493176,PennyStocks,PHR
PennyStocks:PHR,BCV-PU,loocv_undersampled_ratio2.0,2630,2025-06-10,Buy,Buy,True,7,CCI,technical,0.024020908484817482,PennyStocks,PHR
PennyStocks:PHR,BCV-PU,loocv_undersampled_ratio2.0,2630,2025-06-10,Buy,Buy,True,12,CMFI,technical,0.016779340806533583,PennyStocks,PHR
PennyStocks:PHR,BCV-PU,loocv_undersampled_ratio2.0,2630,2025-06-10,Buy,Buy,True,3,EMA,technical,0.0166436958941631,PennyStocks,PHR
PennyStocks:PHR,BCV-PU,loocv_undersampled_ratio2.0,2630,2025-06-10,Buy,Buy,True,8,CMO,technical,0.015342268100357614,PennyStocks,PHR
PennyStocks:PHR,BCV-PU,loocv_undersampled_ratio2.0,2630,2025-06-10,Buy,Buy,True,2,SMA,technical,0.014104129680345068,PennyStocks,PHR
PennyStocks:PHR,BCV-PU,loocv_undersampled_ratio2.0,2630,2025-06-10,Buy,Buy,True,4,WMA,technical,0.012306318102491786,PennyStocks,PHR
PennyStocks:PHR,BCV-PU,loocv_undersampled_ratio2.0,2630,2025-06-10,Buy,Buy,True,6,TripleEMA,technical,0.011489117788732984,PennyStocks,PHR
PennyStocks:PHR,BCV-PU,loocv_undersampled_ratio2.0,2630,2025-06-10,Buy,Buy,True,0,RSI,technical,0.011337050527799875,PennyStocks,PHR
PennyStocks:PHR,BCV-PU,loocv_undersampled_ratio2.0,2630,2025-06-10,Buy,Buy,True,19,Reverse Repurchase Rate (RRP),macro,0.0105777809250867,PennyStocks,PHR
PennyStocks:PHR,BCV-PU,loocv_undersampled_ratio2.0,2630,2025-06-10,Buy,Buy,True,5,HMA,technical,0.009804069745587184,PennyStocks,PHR
PennyStocks:PHR,BCV-PU,loocv_undersampled_ratio2.0,2630,2025-06-10,Buy,Buy,True,16,Gold,macro,0.009793988058663671,PennyStocks,PHR
PennyStocks:PHR,BCV-PU,loocv_undersampled_ratio2.0,2630,2025-06-10,Buy,Buy,True,18,Purchasing Power of Peso,macro,0.00931995510836714,PennyStocks,PHR
PennyStocks:PHR,BCV-PU,loocv_undersampled_ratio2.0,2630,2025-06-10,Buy,Buy,True,10,PPO,technical,0.007626619056100026,PennyStocks,PHR
PennyStocks:PHR,BCV-PU,loocv_undersampled_ratio2.0,2630,2025-06-10,Buy,Buy,True,13,DMI,technical,0.0053146777100664625,PennyStocks,PHR
PennyStocks:PHR,BCV-PU,loocv_undersampled_ratio2.0,2630,2025-06-10,Buy,Buy,True,17,Inflation Rate,macro,0.004426051513291895,PennyStocks,PHR
PennyStocks:PHR,BCV-PU,loocv_undersampled_ratio2.0,2630,2025-06-10,Buy,Buy,True,11,ROC,technical,0.0037853016750887037,PennyStocks,PHR
PennyStocks:PHR,BCV-PU,loocv_undersampled_ratio2.0,2630,2025-06-10,Buy,Buy,True,14,PSI,technical,0.0034438621360095567,PennyStocks,PHR
PennyStocks:PHR,BCV-PU,loocv_undersampled_ratio2.0,2630,2025-06-10,Buy,Buy,True,15,Oil,macro,0.0017502030588730122,PennyStocks,PHR
PennyStocks:PHR,BCV-PU,loocv_undersampled_ratio2.0,2630,2025-06-10,Buy,Buy,True,9,MACD,technical,0.0012908675882499665,PennyStocks,PHR
PennyStocks:PHR,BCV-PU,loocv_undersampled_ratio2.0,2659,2025-07-22,Buy,Buy,True,4,WMA,technical,0.02102161935181357,PennyStocks,PHR
PennyStocks:PHR,BCV-PU,loocv_undersampled_ratio2.0,2659,2025-07-22,Buy,Buy,True,1,WilliamsR,technical,0.018768880852439905,PennyStocks,PHR
PennyStocks:PHR,BCV-PU,loocv_undersampled_ratio2.0,2659,2025-07-22,Buy,Buy,True,6,TripleEMA,technical,0.01809371861163527,PennyStocks,PHR
PennyStocks:PHR,BCV-PU,loocv_undersampled_ratio2.0,2659,2025-07-22,Buy,Buy,True,16,Gold,macro,0.017990610894048586,PennyStocks,PHR
PennyStocks:PHR,BCV-PU,loocv_undersampled_ratio2.0,2659,2025-07-22,Buy,Buy,True,7,CCI,technical,0.017924989606399322,PennyStocks,PHR
PennyStocks:PHR,BCV-PU,loocv_undersampled_ratio2.0,2659,2025-07-22,Buy,Buy,True,12,CMFI,technical,0.01721494830562733,PennyStocks,PHR
PennyStocks:PHR,BCV-PU,loocv_undersampled_ratio2.0,2659,2025-07-22,Buy,Buy,True,5,HMA,technical,0.012148900776082883,PennyStocks,PHR
PennyStocks:PHR,BCV-PU,loocv_undersampled_ratio2.0,2659,2025-07-22,Buy,Buy,True,3,EMA,technical,0.01197113707603421,PennyStocks,PHR
PennyStocks:PHR,BCV-PU,loocv_undersampled_ratio2.0,2659,2025-07-22,Buy,Buy,True,19,Reverse Repurchase Rate (RRP),macro,0.011333595234464155,PennyStocks,PHR
PennyStocks:PHR,BCV-PU,loocv_undersampled_ratio2.0,2659,2025-07-22,Buy,Buy,True,13,DMI,technical,0.010410694318125024,PennyStocks,PHR
PennyStocks:PHR,BCV-PU,loocv_undersampled_ratio2.0,2659,2025-07-22,Buy,Buy,True,18,Purchasing Power of Peso,macro,0.009198849825770595,PennyStocks,PHR
PennyStocks:PHR,BCV-PU,loocv_undersampled_ratio2.0,2659,2025-07-22,Buy,Buy,True,2,SMA,technical,0.008150931718409993,PennyStocks,PHR
PennyStocks:PHR,BCV-PU,loocv_undersampled_ratio2.0,2659,2025-07-22,Buy,Buy,True,17,Inflation Rate,macro,0.007838208501925691,PennyStocks,PHR
PennyStocks:PHR,BCV-PU,loocv_undersampled_ratio2.0,2659,2025-07-22,Buy,Buy,True,10,PPO,technical,0.006773821241222322,PennyStocks,PHR
PennyStocks:PHR,BCV-PU,loocv_undersampled_ratio2.0,2659,2025-07-22,Buy,Buy,True,8,CMO,technical,0.0058178929873974996,PennyStocks,PHR
PennyStocks:PHR,BCV-PU,loocv_undersampled_ratio2.0,2659,2025-07-22,Buy,Buy,True,11,ROC,technical,0.004086356425250415,PennyStocks,PHR
PennyStocks:PHR,BCV-PU,loocv_undersampled_ratio2.0,2659,2025-07-22,Buy,Buy,True,0,RSI,technical,0.003909463548916392,PennyStocks,PHR
PennyStocks:PHR,BCV-PU,loocv_undersampled_ratio2.0,2659,2025-07-22,Buy,Buy,True,15,Oil,macro,0.0029961911364807746,PennyStocks,PHR
PennyStocks:PHR,BCV-PU,loocv_undersampled_ratio2.0,2659,2025-07-22,Buy,Buy,True,14,PSI,technical,0.0022376579872798175,PennyStocks,PHR
PennyStocks:PHR,BCV-PU,loocv_undersampled_ratio2.0,2659,2025-07-22,Buy,Buy,True,9,MACD,technical,0.0014054322688934918,PennyStocks,PHR
PennyStocks:PHR,BCV-PU,loocv_undersampled_ratio2.0,2670,2025-08-06,Hold,Hold,True,16,Gold,macro,0.013711212016642094,PennyStocks,PHR
PennyStocks:PHR,BCV-PU,loocv_undersampled_ratio2.0,2670,2025-08-06,Hold,Hold,True,6,TripleEMA,technical,0.013591728184837847,PennyStocks,PHR
PennyStocks:PHR,BCV-PU,loocv_undersampled_ratio2.0,2670,2025-08-06,Hold,Hold,True,2,SMA,technical,0.01031266365898773,PennyStocks,PHR
PennyStocks:PHR,BCV-PU,loocv_undersampled_ratio2.0,2670,2025-08-06,Hold,Hold,True,7,CCI,technical,0.010000849253992783,PennyStocks,PHR
PennyStocks:PHR,BCV-PU,loocv_undersampled_ratio2.0,2670,2025-08-06,Hold,Hold,True,12,CMFI,technical,0.009769374174356926,PennyStocks,PHR
PennyStocks:PHR,BCV-PU,loocv_undersampled_ratio2.0,2670,2025-08-06,Hold,Hold,True,1,WilliamsR,technical,0.009372999926563352,PennyStocks,PHR
PennyStocks:PHR,BCV-PU,loocv_undersampled_ratio2.0,2670,2025-08-06,Hold,Hold,True,4,WMA,technical,0.00901977215835359,PennyStocks,PHR
PennyStocks:PHR,BCV-PU,loocv_undersampled_ratio2.0,2670,2025-08-06,Hold,Hold,True,18,Purchasing Power of Peso,macro,0.008332001877715812,PennyStocks,PHR
PennyStocks:PHR,BCV-PU,loocv_undersampled_ratio2.0,2670,2025-08-06,Hold,Hold,True,5,HMA,technical,0.007153295239550062,PennyStocks,PHR
PennyStocks:PHR,BCV-PU,loocv_undersampled_ratio2.0,2670,2025-08-06,Hold,Hold,True,19,Reverse Repurchase Rate (RRP),macro,0.006478116172365845,PennyStocks,PHR
PennyStocks:PHR,BCV-PU,loocv_undersampled_ratio2.0,2670,2025-08-06,Hold,Hold,True,3,EMA,technical,0.0062759971537161615,PennyStocks,PHR
PennyStocks:PHR,BCV-PU,loocv_undersampled_ratio2.0,2670,2025-08-06,Hold,Hold,True,17,Inflation Rate,macro,0.006016217528485868,PennyStocks,PHR
PennyStocks:PHR,BCV-PU,loocv_undersampled_ratio2.0,2670,2025-08-06,Hold,Hold,True,8,CMO,technical,0.004145158386381809,PennyStocks,PHR
PennyStocks:PHR,BCV-PU,loocv_undersampled_ratio2.0,2670,2025-08-06,Hold,Hold,True,10,PPO,technical,0.0036720606745802797,PennyStocks,PHR
PennyStocks:PHR,BCV-PU,loocv_undersampled_ratio2.0,2670,2025-08-06,Hold,Hold,True,13,DMI,technical,0.003524664745782502,PennyStocks,PHR
PennyStocks:PHR,BCV-PU,loocv_undersampled_ratio2.0,2670,2025-08-06,Hold,Hold,True,11,ROC,technical,0.002986637392314151,PennyStocks,PHR
PennyStocks:PHR,BCV-PU,loocv_undersampled_ratio2.0,2670,2025-08-06,Hold,Hold,True,15,Oil,macro,0.0023532715262263083,PennyStocks,PHR
PennyStocks:PHR,BCV-PU,loocv_undersampled_ratio2.0,2670,2025-08-06,Hold,Hold,True,14,PSI,technical,0.002236472126969602,PennyStocks,PHR
PennyStocks:PHR,BCV-PU,loocv_undersampled_ratio2.0,2670,2025-08-06,Hold,Hold,True,0,RSI,technical,0.0013143142277840525,PennyStocks,PHR
PennyStocks:PHR,BCV-PU,loocv_undersampled_ratio2.0,2670,2025-08-06,Hold,Hold,True,9,MACD,technical,0.0008984547677755473,PennyStocks,PHR
PennyStocks:UPM,BCV-PU,loocv_undersampled_ratio2.0,1950,2023-02-02,Hold,Hold,True,6,TripleEMA,technical,0.011195792289072415,PennyStocks,UPM
PennyStocks:UPM,BCV-PU,loocv_undersampled_ratio2.0,1950,2023-02-02,Hold,Hold,True,1,WilliamsR,technical,0.010089155042078347,PennyStocks,UPM
PennyStocks:UPM,BCV-PU,loocv_undersampled_ratio2.0,1950,2023-02-02,Hold,Hold,True,17,Inflation Rate,macro,0.009508710517548025,PennyStocks,UPM
PennyStocks:UPM,BCV-PU,loocv_undersampled_ratio2.0,1950,2023-02-02,Hold,Hold,True,18,Purchasing Power of Peso,macro,0.00865474138990976,PennyStocks,UPM
PennyStocks:UPM,BCV-PU,loocv_undersampled_ratio2.0,1950,2023-02-02,Hold,Hold,True,5,HMA,technical,0.007137482650432503,PennyStocks,UPM
PennyStocks:UPM,BCV-PU,loocv_undersampled_ratio2.0,1950,2023-02-02,Hold,Hold,True,8,CMO,technical,0.006991707829001825,PennyStocks,UPM
PennyStocks:UPM,BCV-PU,loocv_undersampled_ratio2.0,1950,2023-02-02,Hold,Hold,True,2,SMA,technical,0.006675858172820881,PennyStocks,UPM
PennyStocks:UPM,BCV-PU,loocv_undersampled_ratio2.0,1950,2023-02-02,Hold,Hold,True,3,EMA,technical,0.006003651429728052,PennyStocks,UPM
PennyStocks:UPM,BCV-PU,loocv_undersampled_ratio2.0,1950,2023-02-02,Hold,Hold,True,4,WMA,technical,0.005691510760880192,PennyStocks,UPM
PennyStocks:UPM,BCV-PU,loocv_undersampled_ratio2.0,1950,2023-02-02,Hold,Hold,True,7,CCI,technical,0.005338492630835389,PennyStocks,UPM
PennyStocks:UPM,BCV-PU,loocv_undersampled_ratio2.0,1950,2023-02-02,Hold,Hold,True,14,PSI,technical,0.004925636213738471,PennyStocks,UPM
PennyStocks:UPM,BCV-PU,loocv_undersampled_ratio2.0,1950,2023-02-02,Hold,Hold,True,12,CMFI,technical,0.004516593928565271,PennyStocks,UPM
PennyStocks:UPM,BCV-PU,loocv_undersampled_ratio2.0,1950,2023-02-02,Hold,Hold,True,19,Reverse Repurchase Rate (RRP),macro,0.004277099700993858,PennyStocks,UPM
PennyStocks:UPM,BCV-PU,loocv_undersampled_ratio2.0,1950,2023-02-02,Hold,Hold,True,15,Oil,macro,0.003703903153655119,PennyStocks,UPM
PennyStocks:UPM,BCV-PU,loocv_undersampled_ratio2.0,1950,2023-02-02,Hold,Hold,True,16,Gold,macro,0.003657612222741591,PennyStocks,UPM
PennyStocks:UPM,BCV-PU,loocv_undersampled_ratio2.0,1950,2023-02-02,Hold,Hold,True,13,DMI,technical,0.0036081571044633163,PennyStocks,UPM
PennyStocks:UPM,BCV-PU,loocv_undersampled_ratio2.0,1950,2023-02-02,Hold,Hold,True,11,ROC,technical,0.0012791633269443991,PennyStocks,UPM
PennyStocks:UPM,BCV-PU,loocv_undersampled_ratio2.0,1950,2023-02-02,Hold,Hold,True,0,RSI,technical,0.0012529178426120779,PennyStocks,UPM
PennyStocks:UPM,BCV-PU,loocv_undersampled_ratio2.0,1950,2023-02-02,Hold,Hold,True,10,PPO,technical,0.0012387518050672951,PennyStocks,UPM
PennyStocks:UPM,BCV-PU,loocv_undersampled_ratio2.0,1950,2023-02-02,Hold,Hold,True,9,MACD,technical,0.0009189822689222637,PennyStocks,UPM
PennyStocks:UPM,BCV-PU,loocv_undersampled_ratio2.0,1965,2023-03-16,Hold,Hold,True,18,Purchasing Power of Peso,macro,0.011739632250828436,PennyStocks,UPM
PennyStocks:UPM,BCV-PU,loocv_undersampled_ratio2.0,1965,2023-03-16,Hold,Hold,True,17,Inflation Rate,macro,0.01170411178318318,PennyStocks,UPM
PennyStocks:UPM,BCV-PU,loocv_undersampled_ratio2.0,1965,2023-03-16,Hold,Hold,True,1,WilliamsR,technical,0.009609752695541828,PennyStocks,UPM
PennyStocks:UPM,BCV-PU,loocv_undersampled_ratio2.0,1965,2023-03-16,Hold,Hold,True,6,TripleEMA,technical,0.008885357706458308,PennyStocks,UPM
PennyStocks:UPM,BCV-PU,loocv_undersampled_ratio2.0,1965,2023-03-16,Hold,Hold,True,5,HMA,technical,0.0069513483613263816,PennyStocks,UPM
PennyStocks:UPM,BCV-PU,loocv_undersampled_ratio2.0,1965,2023-03-16,Hold,Hold,True,8,CMO,technical,0.0058515036489552585,PennyStocks,UPM
PennyStocks:UPM,BCV-PU,loocv_undersampled_ratio2.0,1965,2023-03-16,Hold,Hold,True,19,Reverse Repurchase Rate (RRP),macro,0.00547955534166249,PennyStocks,UPM
PennyStocks:UPM,BCV-PU,loocv_undersampled_ratio2.0,1965,2023-03-16,Hold,Hold,True,2,SMA,technical,0.0053584336856147274,PennyStocks,UPM
PennyStocks:UPM,BCV-PU,loocv_undersampled_ratio2.0,1965,2023-03-16,Hold,Hold,True,4,WMA,technical,0.004756443574206059,PennyStocks,UPM
PennyStocks:UPM,BCV-PU,loocv_undersampled_ratio2.0,1965,2023-03-16,Hold,Hold,True,13,DMI,technical,0.004517290386138484,PennyStocks,UPM
PennyStocks:UPM,BCV-PU,loocv_undersampled_ratio2.0,1965,2023-03-16,Hold,Hold,True,12,CMFI,technical,0.004150811598083237,PennyStocks,UPM
PennyStocks:UPM,BCV-PU,loocv_undersampled_ratio2.0,1965,2023-03-16,Hold,Hold,True,3,EMA,technical,0.003877430168358842,PennyStocks,UPM
PennyStocks:UPM,BCV-PU,loocv_undersampled_ratio2.0,1965,2023-03-16,Hold,Hold,True,15,Oil,macro,0.0037354370620960252,PennyStocks,UPM
PennyStocks:UPM,BCV-PU,loocv_undersampled_ratio2.0,1965,2023-03-16,Hold,Hold,True,14,PSI,technical,0.002414033272270899,PennyStocks,UPM
PennyStocks:UPM,BCV-PU,loocv_undersampled_ratio2.0,1965,2023-03-16,Hold,Hold,True,7,CCI,technical,0.002020563451151247,PennyStocks,UPM
PennyStocks:UPM,BCV-PU,loocv_undersampled_ratio2.0,1965,2023-03-16,Hold,Hold,True,16,Gold,macro,0.0019792976992903276,PennyStocks,UPM
PennyStocks:UPM,BCV-PU,loocv_undersampled_ratio2.0,1965,2023-03-16,Hold,Hold,True,0,RSI,technical,0.0014642459282185882,PennyStocks,UPM
PennyStocks:UPM,BCV-PU,loocv_undersampled_ratio2.0,1965,2023-03-16,Hold,Hold,True,10,PPO,technical,0.0011165609139425214,PennyStocks,UPM
PennyStocks:UPM,BCV-PU,loocv_undersampled_ratio2.0,1965,2023-03-16,Hold,Hold,True,9,MACD,technical,0.0009574431544024265,PennyStocks,UPM
PennyStocks:UPM,BCV-PU,loocv_undersampled_ratio2.0,1965,2023-03-16,Hold,Hold,True,11,ROC,technical,0.0008324756105992037,PennyStocks,UPM
PennyStocks:UPM,BCV-PU,loocv_undersampled_ratio2.0,1977,2023-04-20,Hold,Hold,True,1,WilliamsR,technical,0.009626628734986297,PennyStocks,UPM
PennyStocks:UPM,BCV-PU,loocv_undersampled_ratio2.0,1977,2023-04-20,Hold,Hold,True,18,Purchasing Power of Peso,macro,0.008858600675011985,PennyStocks,UPM
PennyStocks:UPM,BCV-PU,loocv_undersampled_ratio2.0,1977,2023-04-20,Hold,Hold,True,6,TripleEMA,technical,0.007337418066163082,PennyStocks,UPM
PennyStocks:UPM,BCV-PU,loocv_undersampled_ratio2.0,1977,2023-04-20,Hold,Hold,True,17,Inflation Rate,macro,0.006599321862449869,PennyStocks,UPM
PennyStocks:UPM,BCV-PU,loocv_undersampled_ratio2.0,1977,2023-04-20,Hold,Hold,True,8,CMO,technical,0.006032107104692841,PennyStocks,UPM
PennyStocks:UPM,BCV-PU,loocv_undersampled_ratio2.0,1977,2023-04-20,Hold,Hold,True,5,HMA,technical,0.005892721994314343,PennyStocks,UPM
PennyStocks:UPM,BCV-PU,loocv_undersampled_ratio2.0,1977,2023-04-20,Hold,Hold,True,7,CCI,technical,0.005775372755306307,PennyStocks,UPM
PennyStocks:UPM,BCV-PU,loocv_undersampled_ratio2.0,1977,2023-04-20,Hold,Hold,True,19,Reverse Repurchase Rate (RRP),macro,0.004976600513327867,PennyStocks,UPM
PennyStocks:UPM,BCV-PU,loocv_undersampled_ratio2.0,1977,2023-04-20,Hold,Hold,True,2,SMA,technical,0.004127945726577309,PennyStocks,UPM
PennyStocks:UPM,BCV-PU,loocv_undersampled_ratio2.0,1977,2023-04-20,Hold,Hold,True,4,WMA,technical,0.0040658699290361255,PennyStocks,UPM
PennyStocks:UPM,BCV-PU,loocv_undersampled_ratio2.0,1977,2023-04-20,Hold,Hold,True,3,EMA,technical,0.004021649825153873,PennyStocks,UPM
PennyStocks:UPM,BCV-PU,loocv_undersampled_ratio2.0,1977,2023-04-20,Hold,Hold,True,12,CMFI,technical,0.003677971252182033,PennyStocks,UPM
PennyStocks:UPM,BCV-PU,loocv_undersampled_ratio2.0,1977,2023-04-20,Hold,Hold,True,14,PSI,technical,0.003372756357657636,PennyStocks,UPM
PennyStocks:UPM,BCV-PU,loocv_undersampled_ratio2.0,1977,2023-04-20,Hold,Hold,True,16,Gold,macro,0.003291576686387998,PennyStocks,UPM
PennyStocks:UPM,BCV-PU,loocv_undersampled_ratio2.0,1977,2023-04-20,Hold,Hold,True,15,Oil,macro,0.0030957268849306275,PennyStocks,UPM
PennyStocks:UPM,BCV-PU,loocv_undersampled_ratio2.0,1977,2023-04-20,Hold,Hold,True,13,DMI,technical,0.0019058474306802963,PennyStocks,UPM
PennyStocks:UPM,BCV-PU,loocv_undersampled_ratio2.0,1977,2023-04-20,Hold,Hold,True,0,RSI,technical,0.001871357201889623,PennyStocks,UPM
PennyStocks:UPM,BCV-PU,loocv_undersampled_ratio2.0,1977,2023-04-20,Hold,Hold,True,11,ROC,technical,0.0011945876762183617,PennyStocks,UPM
PennyStocks:UPM,BCV-PU,loocv_undersampled_ratio2.0,1977,2023-04-20,Hold,Hold,True,10,PPO,technical,0.0011619927652645856,PennyStocks,UPM
PennyStocks:UPM,BCV-PU,loocv_undersampled_ratio2.0,1977,2023-04-20,Hold,Hold,True,9,MACD,technical,0.0009347196276394242,PennyStocks,UPM
PennyStocks:UPM,BCV-PU,loocv_undersampled_ratio2.0,1992,2023-05-31,Hold,Hold,True,6,TripleEMA,technical,0.011085032657592819,PennyStocks,UPM
PennyStocks:UPM,BCV-PU,loocv_undersampled_ratio2.0,1992,2023-05-31,Hold,Hold,True,1,WilliamsR,technical,0.009650405824322661,PennyStocks,UPM
PennyStocks:UPM,BCV-PU,loocv_undersampled_ratio2.0,1992,2023-05-31,Hold,Hold,True,5,HMA,technical,0.007169136408629128,PennyStocks,UPM
PennyStocks:UPM,BCV-PU,loocv_undersampled_ratio2.0,1992,2023-05-31,Hold,Hold,True,14,PSI,technical,0.006310202798340469,PennyStocks,UPM
PennyStocks:UPM,BCV-PU,loocv_undersampled_ratio2.0,1992,2023-05-31,Hold,Hold,True,18,Purchasing Power of Peso,macro,0.006233623029402224,PennyStocks,UPM
PennyStocks:UPM,BCV-PU,loocv_undersampled_ratio2.0,1992,2023-05-31,Hold,Hold,True,2,SMA,technical,0.005157838432933204,PennyStocks,UPM
PennyStocks:UPM,BCV-PU,loocv_undersampled_ratio2.0,1992,2023-05-31,Hold,Hold,True,4,WMA,technical,0.004657036039861851,PennyStocks,UPM
PennyStocks:UPM,BCV-PU,loocv_undersampled_ratio2.0,1992,2023-05-31,Hold,Hold,True,12,CMFI,technical,0.004545062047691317,PennyStocks,UPM
PennyStocks:UPM,BCV-PU,loocv_undersampled_ratio2.0,1992,2023-05-31,Hold,Hold,True,16,Gold,macro,0.004470418928030994,PennyStocks,UPM
PennyStocks:UPM,BCV-PU,loocv_undersampled_ratio2.0,1992,2023-05-31,Hold,Hold,True,17,Inflation Rate,macro,0.004194378550164401,PennyStocks,UPM
PennyStocks:UPM,BCV-PU,loocv_undersampled_ratio2.0,1992,2023-05-31,Hold,Hold,True,3,EMA,technical,0.004110872352612205,PennyStocks,UPM
PennyStocks:UPM,BCV-PU,loocv_undersampled_ratio2.0,1992,2023-05-31,Hold,Hold,True,19,Reverse Repurchase Rate (RRP),macro,0.003812506490794476,PennyStocks,UPM
PennyStocks:UPM,BCV-PU,loocv_undersampled_ratio2.0,1992,2023-05-31,Hold,Hold,True,15,Oil,macro,0.003498761065930012,PennyStocks,UPM
PennyStocks:UPM,BCV-PU,loocv_undersampled_ratio2.0,1992,2023-05-31,Hold,Hold,True,8,CMO,technical,0.002813933767566823,PennyStocks,UPM
PennyStocks:UPM,BCV-PU,loocv_undersampled_ratio2.0,1992,2023-05-31,Hold,Hold,True,7,CCI,technical,0.0027055698066760668,PennyStocks,UPM
PennyStocks:UPM,BCV-PU,loocv_undersampled_ratio2.0,1992,2023-05-31,Hold,Hold,True,13,DMI,technical,0.0026048363451991463,PennyStocks,UPM
PennyStocks:UPM,BCV-PU,loocv_undersampled_ratio2.0,1992,2023-05-31,Hold,Hold,True,10,PPO,technical,0.0015666594466608786,PennyStocks,UPM
PennyStocks:UPM,BCV-PU,loocv_undersampled_ratio2.0,1992,2023-05-31,Hold,Hold,True,0,RSI,technical,0.0014937637999537401,PennyStocks,UPM
PennyStocks:UPM,BCV-PU,loocv_undersampled_ratio2.0,1992,2023-05-31,Hold,Hold,True,11,ROC,technical,0.0009839230825946289,PennyStocks,UPM
PennyStocks:UPM,BCV-PU,loocv_undersampled_ratio2.0,1992,2023-05-31,Hold,Hold,True,9,MACD,technical,0.0009791416550797294,PennyStocks,UPM
PennyStocks:UPM,BCV-PU,loocv_undersampled_ratio2.0,2031,2023-09-19,Hold,Hold,True,6,TripleEMA,technical,0.01143377102271188,PennyStocks,UPM
PennyStocks:UPM,BCV-PU,loocv_undersampled_ratio2.0,2031,2023-09-19,Hold,Hold,True,18,Purchasing Power of Peso,macro,0.008098817599238828,PennyStocks,UPM
PennyStocks:UPM,BCV-PU,loocv_undersampled_ratio2.0,2031,2023-09-19,Hold,Hold,True,5,HMA,technical,0.007861776126082987,PennyStocks,UPM
PennyStocks:UPM,BCV-PU,loocv_undersampled_ratio2.0,2031,2023-09-19,Hold,Hold,True,1,WilliamsR,technical,0.0074247721327992625,PennyStocks,UPM
PennyStocks:UPM,BCV-PU,loocv_undersampled_ratio2.0,2031,2023-09-19,Hold,Hold,True,15,Oil,macro,0.006193718906433787,PennyStocks,UPM
PennyStocks:UPM,BCV-PU,loocv_undersampled_ratio2.0,2031,2023-09-19,Hold,Hold,True,2,SMA,technical,0.0054304710385622455,PennyStocks,UPM
PennyStocks:UPM,BCV-PU,loocv_undersampled_ratio2.0,2031,2023-09-19,Hold,Hold,True,7,CCI,technical,0.005366568589670351,PennyStocks,UPM
PennyStocks:UPM,BCV-PU,loocv_undersampled_ratio2.0,2031,2023-09-19,Hold,Hold,True,3,EMA,technical,0.005202770717733074,PennyStocks,UPM
PennyStocks:UPM,BCV-PU,loocv_undersampled_ratio2.0,2031,2023-09-19,Hold,Hold,True,12,CMFI,technical,0.004582273976120632,PennyStocks,UPM
PennyStocks:UPM,BCV-PU,loocv_undersampled_ratio2.0,2031,2023-09-19,Hold,Hold,True,4,WMA,technical,0.004433358256937936,PennyStocks,UPM
PennyStocks:UPM,BCV-PU,loocv_undersampled_ratio2.0,2031,2023-09-19,Hold,Hold,True,17,Inflation Rate,macro,0.0038751759129809216,PennyStocks,UPM
PennyStocks:UPM,BCV-PU,loocv_undersampled_ratio2.0,2031,2023-09-19,Hold,Hold,True,19,Reverse Repurchase Rate (RRP),macro,0.003835306563269114,PennyStocks,UPM
PennyStocks:UPM,BCV-PU,loocv_undersampled_ratio2.0,2031,2023-09-19,Hold,Hold,True,8,CMO,technical,0.0033779767698433718,PennyStocks,UPM
PennyStocks:UPM,BCV-PU,loocv_undersampled_ratio2.0,2031,2023-09-19,Hold,Hold,True,13,DMI,technical,0.003030473728722427,PennyStocks,UPM
PennyStocks:UPM,BCV-PU,loocv_undersampled_ratio2.0,2031,2023-09-19,Hold,Hold,True,14,PSI,technical,0.0028397715283063007,PennyStocks,UPM
PennyStocks:UPM,BCV-PU,loocv_undersampled_ratio2.0,2031,2023-09-19,Hold,Hold,True,16,Gold,macro,0.0024744421243667603,PennyStocks,UPM
PennyStocks:UPM,BCV-PU,loocv_undersampled_ratio2.0,2031,2023-09-19,Hold,Hold,True,0,RSI,technical,0.0017155850131530316,PennyStocks,UPM
PennyStocks:UPM,BCV-PU,loocv_undersampled_ratio2.0,2031,2023-09-19,Hold,Hold,True,9,MACD,technical,0.0010698771773604676,PennyStocks,UPM
PennyStocks:UPM,BCV-PU,loocv_undersampled_ratio2.0,2031,2023-09-19,Hold,Hold,True,10,PPO,technical,0.001043296544958139,PennyStocks,UPM
PennyStocks:UPM,BCV-PU,loocv_undersampled_ratio2.0,2031,2023-09-19,Hold,Hold,True,11,ROC,technical,0.0008784505065705161,PennyStocks,UPM
PennyStocks:UPM,BCV-PU,loocv_undersampled_ratio2.0,2039,2023-10-12,Hold,Hold,True,1,WilliamsR,technical,0.014890834508696571,PennyStocks,UPM
PennyStocks:UPM,BCV-PU,loocv_undersampled_ratio2.0,2039,2023-10-12,Hold,Hold,True,6,TripleEMA,technical,0.012146132893394678,PennyStocks,UPM
PennyStocks:UPM,BCV-PU,loocv_undersampled_ratio2.0,2039,2023-10-12,Hold,Hold,True,18,Purchasing Power of Peso,macro,0.008363563002785668,PennyStocks,UPM
PennyStocks:UPM,BCV-PU,loocv_undersampled_ratio2.0,2039,2023-10-12,Hold,Hold,True,8,CMO,technical,0.008214164726086891,PennyStocks,UPM
PennyStocks:UPM,BCV-PU,loocv_undersampled_ratio2.0,2039,2023-10-12,Hold,Hold,True,5,HMA,technical,0.007476345365284942,PennyStocks,UPM
PennyStocks:UPM,BCV-PU,loocv_undersampled_ratio2.0,2039,2023-10-12,Hold,Hold,True,15,Oil,macro,0.007212574915320147,PennyStocks,UPM
PennyStocks:UPM,BCV-PU,loocv_undersampled_ratio2.0,2039,2023-10-12,Hold,Hold,True,3,EMA,technical,0.007028617011383176,PennyStocks,UPM
PennyStocks:UPM,BCV-PU,loocv_undersampled_ratio2.0,2039,2023-10-12,Hold,Hold,True,19,Reverse Repurchase Rate (RRP),macro,0.006638751464197412,PennyStocks,UPM
PennyStocks:UPM,BCV-PU,loocv_undersampled_ratio2.0,2039,2023-10-12,Hold,Hold,True,2,SMA,technical,0.005933287512743845,PennyStocks,UPM
PennyStocks:UPM,BCV-PU,loocv_undersampled_ratio2.0,2039,2023-10-12,Hold,Hold,True,4,WMA,technical,0.005513203851296567,PennyStocks,UPM
PennyStocks:UPM,BCV-PU,loocv_undersampled_ratio2.0,2039,2023-10-12,Hold,Hold,True,7,CCI,technical,0.004833632121790288,PennyStocks,UPM
PennyStocks:UPM,BCV-PU,loocv_undersampled_ratio2.0,2039,2023-10-12,Hold,Hold,True,17,Inflation Rate,macro,0.0039711799370707014,PennyStocks,UPM
PennyStocks:UPM,BCV-PU,loocv_undersampled_ratio2.0,2039,2023-10-12,Hold,Hold,True,12,CMFI,technical,0.00344504498061724,PennyStocks,UPM
PennyStocks:UPM,BCV-PU,loocv_undersampled_ratio2.0,2039,2023-10-12,Hold,Hold,True,16,Gold,macro,0.0030288376539829185,PennyStocks,UPM
PennyStocks:UPM,BCV-PU,loocv_undersampled_ratio2.0,2039,2023-10-12,Hold,Hold,True,13,DMI,technical,0.0028496625629486514,PennyStocks,UPM
PennyStocks:UPM,BCV-PU,loocv_undersampled_ratio2.0,2039,2023-10-12,Hold,Hold,True,14,PSI,technical,0.0026997423250577413,PennyStocks,UPM
PennyStocks:UPM,BCV-PU,loocv_undersampled_ratio2.0,2039,2023-10-12,Hold,Hold,True,0,RSI,technical,0.002489780807081843,PennyStocks,UPM
PennyStocks:UPM,BCV-PU,loocv_undersampled_ratio2.0,2039,2023-10-12,Hold,Hold,True,11,ROC,technical,0.0015897676046733977,PennyStocks,UPM
PennyStocks:UPM,BCV-PU,loocv_undersampled_ratio2.0,2039,2023-10-12,Hold,Hold,True,10,PPO,technical,0.0009025232186104404,PennyStocks,UPM
PennyStocks:UPM,BCV-PU,loocv_undersampled_ratio2.0,2039,2023-10-12,Hold,Hold,True,9,MACD,technical,0.0008690534249808479,PennyStocks,UPM
PennyStocks:UPM,BCV-PU,loocv_undersampled_ratio2.0,2061,2023-12-27,Hold,Hold,True,1,WilliamsR,technical,0.014208744146162643,PennyStocks,UPM
PennyStocks:UPM,BCV-PU,loocv_undersampled_ratio2.0,2061,2023-12-27,Hold,Hold,True,6,TripleEMA,technical,0.013520364556461573,PennyStocks,UPM
PennyStocks:UPM,BCV-PU,loocv_undersampled_ratio2.0,2061,2023-12-27,Hold,Hold,True,18,Purchasing Power of Peso,macro,0.007634176238207146,PennyStocks,UPM
PennyStocks:UPM,BCV-PU,loocv_undersampled_ratio2.0,2061,2023-12-27,Hold,Hold,True,5,HMA,technical,0.0073721532673516775,PennyStocks,UPM
PennyStocks:UPM,BCV-PU,loocv_undersampled_ratio2.0,2061,2023-12-27,Hold,Hold,True,2,SMA,technical,0.006244590547066764,PennyStocks,UPM
PennyStocks:UPM,BCV-PU,loocv_undersampled_ratio2.0,2061,2023-12-27,Hold,Hold,True,4,WMA,technical,0.006146056944271549,PennyStocks,UPM
PennyStocks:UPM,BCV-PU,loocv_undersampled_ratio2.0,2061,2023-12-27,Hold,Hold,True,7,CCI,technical,0.005964566650072811,PennyStocks,UPM
PennyStocks:UPM,BCV-PU,loocv_undersampled_ratio2.0,2061,2023-12-27,Hold,Hold,True,3,EMA,technical,0.005772202479147381,PennyStocks,UPM
PennyStocks:UPM,BCV-PU,loocv_undersampled_ratio2.0,2061,2023-12-27,Hold,Hold,True,8,CMO,technical,0.005078889977085055,PennyStocks,UPM
PennyStocks:UPM,BCV-PU,loocv_undersampled_ratio2.0,2061,2023-12-27,Hold,Hold,True,19,Reverse Repurchase Rate (RRP),macro,0.004747504909755662,PennyStocks,UPM
PennyStocks:UPM,BCV-PU,loocv_undersampled_ratio2.0,2061,2023-12-27,Hold,Hold,True,14,PSI,technical,0.004177005292876857,PennyStocks,UPM
PennyStocks:UPM,BCV-PU,loocv_undersampled_ratio2.0,2061,2023-12-27,Hold,Hold,True,12,CMFI,technical,0.00404521964956075,PennyStocks,UPM
PennyStocks:UPM,BCV-PU,loocv_undersampled_ratio2.0,2061,2023-12-27,Hold,Hold,True,13,DMI,technical,0.0035998847470182227,PennyStocks,UPM
PennyStocks:UPM,BCV-PU,loocv_undersampled_ratio2.0,2061,2023-12-27,Hold,Hold,True,15,Oil,macro,0.003122548899955291,PennyStocks,UPM
PennyStocks:UPM,BCV-PU,loocv_undersampled_ratio2.0,2061,2023-12-27,Hold,Hold,True,16,Gold,macro,0.002600246967631392,PennyStocks,UPM
PennyStocks:UPM,BCV-PU,loocv_undersampled_ratio2.0,2061,2023-12-27,Hold,Hold,True,10,PPO,technical,0.001978912490449147,PennyStocks,UPM
PennyStocks:UPM,BCV-PU,loocv_undersampled_ratio2.0,2061,2023-12-27,Hold,Hold,True,0,RSI,technical,0.0016090294237073976,PennyStocks,UPM
PennyStocks:UPM,BCV-PU,loocv_undersampled_ratio2.0,2061,2023-12-27,Hold,Hold,True,17,Inflation Rate,macro,0.001151230622053845,PennyStocks,UPM
PennyStocks:UPM,BCV-PU,loocv_undersampled_ratio2.0,2061,2023-12-27,Hold,Hold,True,11,ROC,technical,0.0010148437147563527,PennyStocks,UPM
PennyStocks:UPM,BCV-PU,loocv_undersampled_ratio2.0,2061,2023-12-27,Hold,Hold,True,9,MACD,technical,0.0009159120148979127,PennyStocks,UPM
PennyStocks:UPM,BCV-PU,loocv_undersampled_ratio2.0,2062,2024-01-05,Hold,Hold,True,6,TripleEMA,technical,0.014607795019401237,PennyStocks,UPM
PennyStocks:UPM,BCV-PU,loocv_undersampled_ratio2.0,2062,2024-01-05,Hold,Hold,True,5,HMA,technical,0.009016514164250112,PennyStocks,UPM
PennyStocks:UPM,BCV-PU,loocv_undersampled_ratio2.0,2062,2024-01-05,Hold,Hold,True,18,Purchasing Power of Peso,macro,0.007163147785468027,PennyStocks,UPM
PennyStocks:UPM,BCV-PU,loocv_undersampled_ratio2.0,2062,2024-01-05,Hold,Hold,True,1,WilliamsR,technical,0.007118560338858515,PennyStocks,UPM
PennyStocks:UPM,BCV-PU,loocv_undersampled_ratio2.0,2062,2024-01-05,Hold,Hold,True,2,SMA,technical,0.00553597669058945,PennyStocks,UPM
PennyStocks:UPM,BCV-PU,loocv_undersampled_ratio2.0,2062,2024-01-05,Hold,Hold,True,12,CMFI,technical,0.004707784947822802,PennyStocks,UPM
PennyStocks:UPM,BCV-PU,loocv_undersampled_ratio2.0,2062,2024-01-05,Hold,Hold,True,7,CCI,technical,0.004671565379976528,PennyStocks,UPM
PennyStocks:UPM,BCV-PU,loocv_undersampled_ratio2.0,2062,2024-01-05,Hold,Hold,True,4,WMA,technical,0.004428983828984201,PennyStocks,UPM
PennyStocks:UPM,BCV-PU,loocv_undersampled_ratio2.0,2062,2024-01-05,Hold,Hold,True,3,EMA,technical,0.004044363214143231,PennyStocks,UPM
PennyStocks:UPM,BCV-PU,loocv_undersampled_ratio2.0,2062,2024-01-05,Hold,Hold,True,19,Reverse Repurchase Rate (RRP),macro,0.0037492524992558175,PennyStocks,UPM
PennyStocks:UPM,BCV-PU,loocv_undersampled_ratio2.0,2062,2024-01-05,Hold,Hold,True,14,PSI,technical,0.003224745774787152,PennyStocks,UPM
PennyStocks:UPM,BCV-PU,loocv_undersampled_ratio2.0,2062,2024-01-05,Hold,Hold,True,13,DMI,technical,0.002961832489381777,PennyStocks,UPM
PennyStocks:UPM,BCV-PU,loocv_undersampled_ratio2.0,2062,2024-01-05,Hold,Hold,True,8,CMO,technical,0.002941926711355336,PennyStocks,UPM
PennyStocks:UPM,BCV-PU,loocv_undersampled_ratio2.0,2062,2024-01-05,Hold,Hold,True,15,Oil,macro,0.0023756452908855865,PennyStocks,UPM
PennyStocks:UPM,BCV-PU,loocv_undersampled_ratio2.0,2062,2024-01-05,Hold,Hold,True,16,Gold,macro,0.0023750781063426986,PennyStocks,UPM
PennyStocks:UPM,BCV-PU,loocv_undersampled_ratio2.0,2062,2024-01-05,Hold,Hold,True,10,PPO,technical,0.00207577052005945,PennyStocks,UPM
PennyStocks:UPM,BCV-PU,loocv_undersampled_ratio2.0,2062,2024-01-05,Hold,Hold,True,0,RSI,technical,0.0015721694348030724,PennyStocks,UPM
PennyStocks:UPM,BCV-PU,loocv_undersampled_ratio2.0,2062,2024-01-05,Hold,Hold,True,11,ROC,technical,0.0014565472716640214,PennyStocks,UPM
PennyStocks:UPM,BCV-PU,loocv_undersampled_ratio2.0,2062,2024-01-05,Hold,Hold,True,9,MACD,technical,0.0012767766322212993,PennyStocks,UPM
PennyStocks:UPM,BCV-PU,loocv_undersampled_ratio2.0,2062,2024-01-05,Hold,Hold,True,17,Inflation Rate,macro,0.0009163728583189368,PennyStocks,UPM
PennyStocks:UPM,BCV-PU,loocv_undersampled_ratio2.0,2073,2024-02-14,Sell,Sell,True,1,WilliamsR,technical,0.10130780634935946,PennyStocks,UPM
PennyStocks:UPM,BCV-PU,loocv_undersampled_ratio2.0,2073,2024-02-14,Sell,Sell,True,7,CCI,technical,0.060463070549303666,PennyStocks,UPM
PennyStocks:UPM,BCV-PU,loocv_undersampled_ratio2.0,2073,2024-02-14,Sell,Sell,True,6,TripleEMA,technical,0.04386692756670527,PennyStocks,UPM
PennyStocks:UPM,BCV-PU,loocv_undersampled_ratio2.0,2073,2024-02-14,Sell,Sell,True,8,CMO,technical,0.03705288465716876,PennyStocks,UPM
PennyStocks:UPM,BCV-PU,loocv_undersampled_ratio2.0,2073,2024-02-14,Sell,Sell,True,5,HMA,technical,0.024472384265391157,PennyStocks,UPM
PennyStocks:UPM,BCV-PU,loocv_undersampled_ratio2.0,2073,2024-02-14,Sell,Sell,True,2,SMA,technical,0.024244399444432928,PennyStocks,UPM
PennyStocks:UPM,BCV-PU,loocv_undersampled_ratio2.0,2073,2024-02-14,Sell,Sell,True,14,PSI,technical,0.019963704087422228,PennyStocks,UPM
PennyStocks:UPM,BCV-PU,loocv_undersampled_ratio2.0,2073,2024-02-14,Sell,Sell,True,3,EMA,technical,0.01885021216876339,PennyStocks,UPM
PennyStocks:UPM,BCV-PU,loocv_undersampled_ratio2.0,2073,2024-02-14,Sell,Sell,True,4,WMA,technical,0.017631781139061786,PennyStocks,UPM
PennyStocks:UPM,BCV-PU,loocv_undersampled_ratio2.0,2073,2024-02-14,Sell,Sell,True,0,RSI,technical,0.01637041067442624,PennyStocks,UPM
PennyStocks:UPM,BCV-PU,loocv_undersampled_ratio2.0,2073,2024-02-14,Sell,Sell,True,18,Purchasing Power of Peso,macro,0.01625722246390069,PennyStocks,UPM
PennyStocks:UPM,BCV-PU,loocv_undersampled_ratio2.0,2073,2024-02-14,Sell,Sell,True,12,CMFI,technical,0.013379573509337207,PennyStocks,UPM
PennyStocks:UPM,BCV-PU,loocv_undersampled_ratio2.0,2073,2024-02-14,Sell,Sell,True,19,Reverse Repurchase Rate (RRP),macro,0.013189029862405732,PennyStocks,UPM
PennyStocks:UPM,BCV-PU,loocv_undersampled_ratio2.0,2073,2024-02-14,Sell,Sell,True,15,Oil,macro,0.012505600974691333,PennyStocks,UPM
PennyStocks:UPM,BCV-PU,loocv_undersampled_ratio2.0,2073,2024-02-14,Sell,Sell,True,13,DMI,technical,0.01143527470267145,PennyStocks,UPM
PennyStocks:UPM,BCV-PU,loocv_undersampled_ratio2.0,2073,2024-02-14,Sell,Sell,True,16,Gold,macro,0.008056030081934295,PennyStocks,UPM
PennyStocks:UPM,BCV-PU,loocv_undersampled_ratio2.0,2073,2024-02-14,Sell,Sell,True,11,ROC,technical,0.005320279837087582,PennyStocks,UPM
PennyStocks:UPM,BCV-PU,loocv_undersampled_ratio2.0,2073,2024-02-14,Sell,Sell,True,10,PPO,technical,0.00381461172219133,PennyStocks,UPM
PennyStocks:UPM,BCV-PU,loocv_undersampled_ratio2.0,2073,2024-02-14,Sell,Sell,True,9,MACD,technical,0.0027900346860405987,PennyStocks,UPM
PennyStocks:UPM,BCV-PU,loocv_undersampled_ratio2.0,2073,2024-02-14,Sell,Sell,True,17,Inflation Rate,macro,0.0015898873993137387,PennyStocks,UPM
PennyStocks:UPM,BCV-PU,loocv_undersampled_ratio2.0,2074,2024-02-19,Hold,Hold,True,6,TripleEMA,technical,0.014741342794150115,PennyStocks,UPM
PennyStocks:UPM,BCV-PU,loocv_undersampled_ratio2.0,2074,2024-02-19,Hold,Hold,True,1,WilliamsR,technical,0.008854671123845036,PennyStocks,UPM
PennyStocks:UPM,BCV-PU,loocv_undersampled_ratio2.0,2074,2024-02-19,Hold,Hold,True,8,CMO,technical,0.008238793007330969,PennyStocks,UPM
PennyStocks:UPM,BCV-PU,loocv_undersampled_ratio2.0,2074,2024-02-19,Hold,Hold,True,18,Purchasing Power of Peso,macro,0.007713926208793964,PennyStocks,UPM
PennyStocks:UPM,BCV-PU,loocv_undersampled_ratio2.0,2074,2024-02-19,Hold,Hold,True,3,EMA,technical,0.00748563199686032,PennyStocks,UPM
PennyStocks:UPM,BCV-PU,loocv_undersampled_ratio2.0,2074,2024-02-19,Hold,Hold,True,4,WMA,technical,0.006252964155282825,PennyStocks,UPM
PennyStocks:UPM,BCV-PU,loocv_undersampled_ratio2.0,2074,2024-02-19,Hold,Hold,True,5,HMA,technical,0.006086183054139838,PennyStocks,UPM
PennyStocks:UPM,BCV-PU,loocv_undersampled_ratio2.0,2074,2024-02-19,Hold,Hold,True,14,PSI,technical,0.005734805655083619,PennyStocks,UPM
PennyStocks:UPM,BCV-PU,loocv_undersampled_ratio2.0,2074,2024-02-19,Hold,Hold,True,2,SMA,technical,0.005692719470243901,PennyStocks,UPM
PennyStocks:UPM,BCV-PU,loocv_undersampled_ratio2.0,2074,2024-02-19,Hold,Hold,True,19,Reverse Repurchase Rate (RRP),macro,0.005340339621761813,PennyStocks,UPM
PennyStocks:UPM,BCV-PU,loocv_undersampled_ratio2.0,2074,2024-02-19,Hold,Hold,True,12,CMFI,technical,0.005168289007269777,PennyStocks,UPM
PennyStocks:UPM,BCV-PU,loocv_undersampled_ratio2.0,2074,2024-02-19,Hold,Hold,True,7,CCI,technical,0.0050207148608024,PennyStocks,UPM
PennyStocks:UPM,BCV-PU,loocv_undersampled_ratio2.0,2074,2024-02-19,Hold,Hold,True,13,DMI,technical,0.004238334345063777,PennyStocks,UPM
PennyStocks:UPM,BCV-PU,loocv_undersampled_ratio2.0,2074,2024-02-19,Hold,Hold,True,15,Oil,macro,0.0036821454061282564,PennyStocks,UPM
PennyStocks:UPM,BCV-PU,loocv_undersampled_ratio2.0,2074,2024-02-19,Hold,Hold,True,16,Gold,macro,0.0032314340554876254,PennyStocks,UPM
PennyStocks:UPM,BCV-PU,loocv_undersampled_ratio2.0,2074,2024-02-19,Hold,Hold,True,0,RSI,technical,0.0018435225827488466,PennyStocks,UPM
PennyStocks:UPM,BCV-PU,loocv_undersampled_ratio2.0,2074,2024-02-19,Hold,Hold,True,11,ROC,technical,0.0012145541793870506,PennyStocks,UPM
PennyStocks:UPM,BCV-PU,loocv_undersampled_ratio2.0,2074,2024-02-19,Hold,Hold,True,10,PPO,technical,0.0011961711628828199,PennyStocks,UPM
PennyStocks:UPM,BCV-PU,loocv_undersampled_ratio2.0,2074,2024-02-19,Hold,Hold,True,17,Inflation Rate,macro,0.0010933859502301857,PennyStocks,UPM
PennyStocks:UPM,BCV-PU,loocv_undersampled_ratio2.0,2074,2024-02-19,Hold,Hold,True,9,MACD,technical,0.0006325062641735713,PennyStocks,UPM
PennyStocks:UPM,BCV-PU,loocv_undersampled_ratio2.0,2075,2024-02-20,Hold,Hold,True,6,TripleEMA,technical,0.011689825623761863,PennyStocks,UPM
PennyStocks:UPM,BCV-PU,loocv_undersampled_ratio2.0,2075,2024-02-20,Hold,Hold,True,18,Purchasing Power of Peso,macro,0.010703974845819175,PennyStocks,UPM
PennyStocks:UPM,BCV-PU,loocv_undersampled_ratio2.0,2075,2024-02-20,Hold,Hold,True,1,WilliamsR,technical,0.008918968943180516,PennyStocks,UPM
PennyStocks:UPM,BCV-PU,loocv_undersampled_ratio2.0,2075,2024-02-20,Hold,Hold,True,7,CCI,technical,0.008336880362185184,PennyStocks,UPM
PennyStocks:UPM,BCV-PU,loocv_undersampled_ratio2.0,2075,2024-02-20,Hold,Hold,True,5,HMA,technical,0.0064894419847405516,PennyStocks,UPM
PennyStocks:UPM,BCV-PU,loocv_undersampled_ratio2.0,2075,2024-02-20,Hold,Hold,True,14,PSI,technical,0.005109815629111836,PennyStocks,UPM
PennyStocks:UPM,BCV-PU,loocv_undersampled_ratio2.0,2075,2024-02-20,Hold,Hold,True,4,WMA,technical,0.005098480157903396,PennyStocks,UPM
PennyStocks:UPM,BCV-PU,loocv_undersampled_ratio2.0,2075,2024-02-20,Hold,Hold,True,3,EMA,technical,0.0048821507618413305,PennyStocks,UPM
PennyStocks:UPM,BCV-PU,loocv_undersampled_ratio2.0,2075,2024-02-20,Hold,Hold,True,2,SMA,technical,0.0044314164086245,PennyStocks,UPM
PennyStocks:UPM,BCV-PU,loocv_undersampled_ratio2.0,2075,2024-02-20,Hold,Hold,True,12,CMFI,technical,0.004264529425927322,PennyStocks,UPM
PennyStocks:UPM,BCV-PU,loocv_undersampled_ratio2.0,2075,2024-02-20,Hold,Hold,True,19,Reverse Repurchase Rate (RRP),macro,0.004046117079269607,PennyStocks,UPM
PennyStocks:UPM,BCV-PU,loocv_undersampled_ratio2.0,2075,2024-02-20,Hold,Hold,True,8,CMO,technical,0.003644363707280718,PennyStocks,UPM
PennyStocks:UPM,BCV-PU,loocv_undersampled_ratio2.0,2075,2024-02-20,Hold,Hold,True,13,DMI,technical,0.0031640606131986713,PennyStocks,UPM
PennyStocks:UPM,BCV-PU,loocv_undersampled_ratio2.0,2075,2024-02-20,Hold,Hold,True,16,Gold,macro,0.002988661895506084,PennyStocks,UPM
PennyStocks:UPM,BCV-PU,loocv_undersampled_ratio2.0,2075,2024-02-20,Hold,Hold,True,15,Oil,macro,0.0022976314798142995,PennyStocks,UPM
PennyStocks:UPM,BCV-PU,loocv_undersampled_ratio2.0,2075,2024-02-20,Hold,Hold,True,10,PPO,technical,0.00126918292226037,PennyStocks,UPM
PennyStocks:UPM,BCV-PU,loocv_undersampled_ratio2.0,2075,2024-02-20,Hold,Hold,True,0,RSI,technical,0.0012191712114145048,PennyStocks,UPM
PennyStocks:UPM,BCV-PU,loocv_undersampled_ratio2.0,2075,2024-02-20,Hold,Hold,True,17,Inflation Rate,macro,0.001039815176045522,PennyStocks,UPM
PennyStocks:UPM,BCV-PU,loocv_undersampled_ratio2.0,2075,2024-02-20,Hold,Hold,True,11,ROC,technical,0.0009662637821747921,PennyStocks,UPM
PennyStocks:UPM,BCV-PU,loocv_undersampled_ratio2.0,2075,2024-02-20,Hold,Hold,True,9,MACD,technical,0.0007953337739309063,PennyStocks,UPM
PennyStocks:UPM,BCV-PU,loocv_undersampled_ratio2.0,2087,2024-04-05,Sell,Sell,True,1,WilliamsR,technical,0.09895469122566283,PennyStocks,UPM
PennyStocks:UPM,BCV-PU,loocv_undersampled_ratio2.0,2087,2024-04-05,Sell,Sell,True,6,TripleEMA,technical,0.05631867584306747,PennyStocks,UPM
PennyStocks:UPM,BCV-PU,loocv_undersampled_ratio2.0,2087,2024-04-05,Sell,Sell,True,8,CMO,technical,0.04133699649828486,PennyStocks,UPM
PennyStocks:UPM,BCV-PU,loocv_undersampled_ratio2.0,2087,2024-04-05,Sell,Sell,True,7,CCI,technical,0.03838273689088965,PennyStocks,UPM
PennyStocks:UPM,BCV-PU,loocv_undersampled_ratio2.0,2087,2024-04-05,Sell,Sell,True,14,PSI,technical,0.03475582558457972,PennyStocks,UPM
PennyStocks:UPM,BCV-PU,loocv_undersampled_ratio2.0,2087,2024-04-05,Sell,Sell,True,2,SMA,technical,0.025936191622167825,PennyStocks,UPM
PennyStocks:UPM,BCV-PU,loocv_undersampled_ratio2.0,2087,2024-04-05,Sell,Sell,True,5,HMA,technical,0.025912435539066792,PennyStocks,UPM
PennyStocks:UPM,BCV-PU,loocv_undersampled_ratio2.0,2087,2024-04-05,Sell,Sell,True,3,EMA,technical,0.025312840261904057,PennyStocks,UPM
PennyStocks:UPM,BCV-PU,loocv_undersampled_ratio2.0,2087,2024-04-05,Sell,Sell,True,4,WMA,technical,0.018974470702232793,PennyStocks,UPM
PennyStocks:UPM,BCV-PU,loocv_undersampled_ratio2.0,2087,2024-04-05,Sell,Sell,True,0,RSI,technical,0.015791049813560675,PennyStocks,UPM
PennyStocks:UPM,BCV-PU,loocv_undersampled_ratio2.0,2087,2024-04-05,Sell,Sell,True,15,Oil,macro,0.015492346388055012,PennyStocks,UPM
PennyStocks:UPM,BCV-PU,loocv_undersampled_ratio2.0,2087,2024-04-05,Sell,Sell,True,19,Reverse Repurchase Rate (RRP),macro,0.01308500235900283,PennyStocks,UPM
PennyStocks:UPM,BCV-PU,loocv_undersampled_ratio2.0,2087,2024-04-05,Sell,Sell,True,18,Purchasing Power of Peso,macro,0.011841346070286817,PennyStocks,UPM
PennyStocks:UPM,BCV-PU,loocv_undersampled_ratio2.0,2087,2024-04-05,Sell,Sell,True,12,CMFI,technical,0.01121410721389111,PennyStocks,UPM
PennyStocks:UPM,BCV-PU,loocv_undersampled_ratio2.0,2087,2024-04-05,Sell,Sell,True,13,DMI,technical,0.010034624597756192,PennyStocks,UPM
PennyStocks:UPM,BCV-PU,loocv_undersampled_ratio2.0,2087,2024-04-05,Sell,Sell,True,16,Gold,macro,0.006043953253538348,PennyStocks,UPM
PennyStocks:UPM,BCV-PU,loocv_undersampled_ratio2.0,2087,2024-04-05,Sell,Sell,True,11,ROC,technical,0.003801450685568852,PennyStocks,UPM
PennyStocks:UPM,BCV-PU,loocv_undersampled_ratio2.0,2087,2024-04-05,Sell,Sell,True,10,PPO,technical,0.0035368847238714807,PennyStocks,UPM
PennyStocks:UPM,BCV-PU,loocv_undersampled_ratio2.0,2087,2024-04-05,Sell,Sell,True,17,Inflation Rate,macro,0.0023225230477692095,PennyStocks,UPM
PennyStocks:UPM,BCV-PU,loocv_undersampled_ratio2.0,2087,2024-04-05,Sell,Sell,True,9,MACD,technical,0.0019977588888195896,PennyStocks,UPM
PennyStocks:UPM,BCV-PU,loocv_undersampled_ratio2.0,2105,2024-06-21,Hold,Hold,True,6,TripleEMA,technical,0.01694493977993261,PennyStocks,UPM
PennyStocks:UPM,BCV-PU,loocv_undersampled_ratio2.0,2105,2024-06-21,Hold,Hold,True,5,HMA,technical,0.007781652361882152,PennyStocks,UPM
PennyStocks:UPM,BCV-PU,loocv_undersampled_ratio2.0,2105,2024-06-21,Hold,Hold,True,18,Purchasing Power of Peso,macro,0.007703164364284021,PennyStocks,UPM
PennyStocks:UPM,BCV-PU,loocv_undersampled_ratio2.0,2105,2024-06-21,Hold,Hold,True,14,PSI,technical,0.007455429062247276,PennyStocks,UPM
PennyStocks:UPM,BCV-PU,loocv_undersampled_ratio2.0,2105,2024-06-21,Hold,Hold,True,1,WilliamsR,technical,0.007388939736847533,PennyStocks,UPM
PennyStocks:UPM,BCV-PU,loocv_undersampled_ratio2.0,2105,2024-06-21,Hold,Hold,True,15,Oil,macro,0.0073142688153893685,PennyStocks,UPM
PennyStocks:UPM,BCV-PU,loocv_undersampled_ratio2.0,2105,2024-06-21,Hold,Hold,True,2,SMA,technical,0.0064782192755956204,PennyStocks,UPM
PennyStocks:UPM,BCV-PU,loocv_undersampled_ratio2.0,2105,2024-06-21,Hold,Hold,True,8,CMO,technical,0.005450104299234227,PennyStocks,UPM
PennyStocks:UPM,BCV-PU,loocv_undersampled_ratio2.0,2105,2024-06-21,Hold,Hold,True,3,EMA,technical,0.004906479342025705,PennyStocks,UPM
PennyStocks:UPM,BCV-PU,loocv_undersampled_ratio2.0,2105,2024-06-21,Hold,Hold,True,4,WMA,technical,0.004795400493094348,PennyStocks,UPM
PennyStocks:UPM,BCV-PU,loocv_undersampled_ratio2.0,2105,2024-06-21,Hold,Hold,True,12,CMFI,technical,0.004308949821279384,PennyStocks,UPM
PennyStocks:UPM,BCV-PU,loocv_undersampled_ratio2.0,2105,2024-06-21,Hold,Hold,True,19,Reverse Repurchase Rate (RRP),macro,0.003994430920283776,PennyStocks,UPM
PennyStocks:UPM,BCV-PU,loocv_undersampled_ratio2.0,2105,2024-06-21,Hold,Hold,True,7,CCI,technical,0.0038412273483118043,PennyStocks,UPM
PennyStocks:UPM,BCV-PU,loocv_undersampled_ratio2.0,2105,2024-06-21,Hold,Hold,True,10,PPO,technical,0.0036517642022772636,PennyStocks,UPM
PennyStocks:UPM,BCV-PU,loocv_undersampled_ratio2.0,2105,2024-06-21,Hold,Hold,True,16,Gold,macro,0.003318670607632157,PennyStocks,UPM
PennyStocks:UPM,BCV-PU,loocv_undersampled_ratio2.0,2105,2024-06-21,Hold,Hold,True,13,DMI,technical,0.002772263119550189,PennyStocks,UPM
PennyStocks:UPM,BCV-PU,loocv_undersampled_ratio2.0,2105,2024-06-21,Hold,Hold,True,9,MACD,technical,0.0013876930825063027,PennyStocks,UPM
PennyStocks:UPM,BCV-PU,loocv_undersampled_ratio2.0,2105,2024-06-21,Hold,Hold,True,0,RSI,technical,0.0012117653676796182,PennyStocks,UPM
PennyStocks:UPM,BCV-PU,loocv_undersampled_ratio2.0,2105,2024-06-21,Hold,Hold,True,11,ROC,technical,0.0011623036865785253,PennyStocks,UPM
PennyStocks:UPM,BCV-PU,loocv_undersampled_ratio2.0,2105,2024-06-21,Hold,Hold,True,17,Inflation Rate,macro,0.0009908166166496812,PennyStocks,UPM
PennyStocks:UPM,BCV-PU,loocv_undersampled_ratio2.0,2125,2024-08-20,Hold,Hold,True,6,TripleEMA,technical,0.01646385281928815,PennyStocks,UPM
PennyStocks:UPM,BCV-PU,loocv_undersampled_ratio2.0,2125,2024-08-20,Hold,Hold,True,1,WilliamsR,technical,0.011556691923760808,PennyStocks,UPM
PennyStocks:UPM,BCV-PU,loocv_undersampled_ratio2.0,2125,2024-08-20,Hold,Hold,True,5,HMA,technical,0.008872337633511052,PennyStocks,UPM
PennyStocks:UPM,BCV-PU,loocv_undersampled_ratio2.0,2125,2024-08-20,Hold,Hold,True,18,Purchasing Power of Peso,macro,0.008603227318963036,PennyStocks,UPM
PennyStocks:UPM,BCV-PU,loocv_undersampled_ratio2.0,2125,2024-08-20,Hold,Hold,True,3,EMA,technical,0.008533137018093839,PennyStocks,UPM
PennyStocks:UPM,BCV-PU,loocv_undersampled_ratio2.0,2125,2024-08-20,Hold,Hold,True,8,CMO,technical,0.007816734474909026,PennyStocks,UPM
PennyStocks:UPM,BCV-PU,loocv_undersampled_ratio2.0,2125,2024-08-20,Hold,Hold,True,4,WMA,technical,0.007522840167803224,PennyStocks,UPM
PennyStocks:UPM,BCV-PU,loocv_undersampled_ratio2.0,2125,2024-08-20,Hold,Hold,True,2,SMA,technical,0.005014886679691699,PennyStocks,UPM
PennyStocks:UPM,BCV-PU,loocv_undersampled_ratio2.0,2125,2024-08-20,Hold,Hold,True,7,CCI,technical,0.0047865001128229775,PennyStocks,UPM
PennyStocks:UPM,BCV-PU,loocv_undersampled_ratio2.0,2125,2024-08-20,Hold,Hold,True,12,CMFI,technical,0.004780118394410238,PennyStocks,UPM
PennyStocks:UPM,BCV-PU,loocv_undersampled_ratio2.0,2125,2024-08-20,Hold,Hold,True,19,Reverse Repurchase Rate (RRP),macro,0.004627074601012282,PennyStocks,UPM
PennyStocks:UPM,BCV-PU,loocv_undersampled_ratio2.0,2125,2024-08-20,Hold,Hold,True,14,PSI,technical,0.004119139954127604,PennyStocks,UPM
PennyStocks:UPM,BCV-PU,loocv_undersampled_ratio2.0,2125,2024-08-20,Hold,Hold,True,15,Oil,macro,0.0032973376757581717,PennyStocks,UPM
PennyStocks:UPM,BCV-PU,loocv_undersampled_ratio2.0,2125,2024-08-20,Hold,Hold,True,13,DMI,technical,0.002770648898149375,PennyStocks,UPM
PennyStocks:UPM,BCV-PU,loocv_undersampled_ratio2.0,2125,2024-08-20,Hold,Hold,True,16,Gold,macro,0.0025947327591438808,PennyStocks,UPM
PennyStocks:UPM,BCV-PU,loocv_undersampled_ratio2.0,2125,2024-08-20,Hold,Hold,True,0,RSI,technical,0.0014134073747300135,PennyStocks,UPM
PennyStocks:UPM,BCV-PU,loocv_undersampled_ratio2.0,2125,2024-08-20,Hold,Hold,True,11,ROC,technical,0.0013811701075610472,PennyStocks,UPM
PennyStocks:UPM,BCV-PU,loocv_undersampled_ratio2.0,2125,2024-08-20,Hold,Hold,True,10,PPO,technical,0.0012142889931055834,PennyStocks,UPM
PennyStocks:UPM,BCV-PU,loocv_undersampled_ratio2.0,2125,2024-08-20,Hold,Hold,True,17,Inflation Rate,macro,0.0009353651725177769,PennyStocks,UPM
PennyStocks:UPM,BCV-PU,loocv_undersampled_ratio2.0,2125,2024-08-20,Hold,Hold,True,9,MACD,technical,0.0007606053270137636,PennyStocks,UPM
PennyStocks:UPM,BCV-PU,loocv_undersampled_ratio2.0,2145,2024-10-10,Hold,Hold,True,6,TripleEMA,technical,0.01642688818683382,PennyStocks,UPM
PennyStocks:UPM,BCV-PU,loocv_undersampled_ratio2.0,2145,2024-10-10,Hold,Hold,True,1,WilliamsR,technical,0.015195337261684472,PennyStocks,UPM
PennyStocks:UPM,BCV-PU,loocv_undersampled_ratio2.0,2145,2024-10-10,Hold,Hold,True,8,CMO,technical,0.013747046825301368,PennyStocks,UPM
PennyStocks:UPM,BCV-PU,loocv_undersampled_ratio2.0,2145,2024-10-10,Hold,Hold,True,5,HMA,technical,0.007615843719395343,PennyStocks,UPM
PennyStocks:UPM,BCV-PU,loocv_undersampled_ratio2.0,2145,2024-10-10,Hold,Hold,True,2,SMA,technical,0.007135354125057347,PennyStocks,UPM
PennyStocks:UPM,BCV-PU,loocv_undersampled_ratio2.0,2145,2024-10-10,Hold,Hold,True,3,EMA,technical,0.006829959573224187,PennyStocks,UPM
PennyStocks:UPM,BCV-PU,loocv_undersampled_ratio2.0,2145,2024-10-10,Hold,Hold,True,18,Purchasing Power of Peso,macro,0.006754620128776878,PennyStocks,UPM
PennyStocks:UPM,BCV-PU,loocv_undersampled_ratio2.0,2145,2024-10-10,Hold,Hold,True,7,CCI,technical,0.006579373477143236,PennyStocks,UPM
PennyStocks:UPM,BCV-PU,loocv_undersampled_ratio2.0,2145,2024-10-10,Hold,Hold,True,4,WMA,technical,0.005444042733870447,PennyStocks,UPM
PennyStocks:UPM,BCV-PU,loocv_undersampled_ratio2.0,2145,2024-10-10,Hold,Hold,True,19,Reverse Repurchase Rate (RRP),macro,0.004482590389670804,PennyStocks,UPM
PennyStocks:UPM,BCV-PU,loocv_undersampled_ratio2.0,2145,2024-10-10,Hold,Hold,True,12,CMFI,technical,0.003754498713533394,PennyStocks,UPM
PennyStocks:UPM,BCV-PU,loocv_undersampled_ratio2.0,2145,2024-10-10,Hold,Hold,True,0,RSI,technical,0.003449425782855542,PennyStocks,UPM
PennyStocks:UPM,BCV-PU,loocv_undersampled_ratio2.0,2145,2024-10-10,Hold,Hold,True,13,DMI,technical,0.0031066184543306007,PennyStocks,UPM
PennyStocks:UPM,BCV-PU,loocv_undersampled_ratio2.0,2145,2024-10-10,Hold,Hold,True,14,PSI,technical,0.002864582983966102,PennyStocks,UPM
PennyStocks:UPM,BCV-PU,loocv_undersampled_ratio2.0,2145,2024-10-10,Hold,Hold,True,15,Oil,macro,0.0027262202362180687,PennyStocks,UPM
PennyStocks:UPM,BCV-PU,loocv_undersampled_ratio2.0,2145,2024-10-10,Hold,Hold,True,16,Gold,macro,0.0024518683087080715,PennyStocks,UPM
PennyStocks:UPM,BCV-PU,loocv_undersampled_ratio2.0,2145,2024-10-10,Hold,Hold,True,17,Inflation Rate,macro,0.0023643462562176866,PennyStocks,UPM
PennyStocks:UPM,BCV-PU,loocv_undersampled_ratio2.0,2145,2024-10-10,Hold,Hold,True,11,ROC,technical,0.0014847077636659378,PennyStocks,UPM
PennyStocks:UPM,BCV-PU,loocv_undersampled_ratio2.0,2145,2024-10-10,Hold,Hold,True,10,PPO,technical,0.0013245019639725798,PennyStocks,UPM
PennyStocks:UPM,BCV-PU,loocv_undersampled_ratio2.0,2145,2024-10-10,Hold,Hold,True,9,MACD,technical,0.0009394003225679625,PennyStocks,UPM
PennyStocks:UPM,BCV-PU,loocv_undersampled_ratio2.0,2168,2025-01-08,Hold,Hold,True,6,TripleEMA,technical,0.011779532986111008,PennyStocks,UPM
PennyStocks:UPM,BCV-PU,loocv_undersampled_ratio2.0,2168,2025-01-08,Hold,Hold,True,5,HMA,technical,0.008681465945846867,PennyStocks,UPM
PennyStocks:UPM,BCV-PU,loocv_undersampled_ratio2.0,2168,2025-01-08,Hold,Hold,True,18,Purchasing Power of Peso,macro,0.008307449979474768,PennyStocks,UPM
PennyStocks:UPM,BCV-PU,loocv_undersampled_ratio2.0,2168,2025-01-08,Hold,Hold,True,1,WilliamsR,technical,0.008190644791466185,PennyStocks,UPM
PennyStocks:UPM,BCV-PU,loocv_undersampled_ratio2.0,2168,2025-01-08,Hold,Hold,True,7,CCI,technical,0.007274799811420962,PennyStocks,UPM
PennyStocks:UPM,BCV-PU,loocv_undersampled_ratio2.0,2168,2025-01-08,Hold,Hold,True,12,CMFI,technical,0.005425065706731402,PennyStocks,UPM
PennyStocks:UPM,BCV-PU,loocv_undersampled_ratio2.0,2168,2025-01-08,Hold,Hold,True,2,SMA,technical,0.004805515824409667,PennyStocks,UPM
PennyStocks:UPM,BCV-PU,loocv_undersampled_ratio2.0,2168,2025-01-08,Hold,Hold,True,14,PSI,technical,0.004493066620671016,PennyStocks,UPM
PennyStocks:UPM,BCV-PU,loocv_undersampled_ratio2.0,2168,2025-01-08,Hold,Hold,True,4,WMA,technical,0.004424378083785996,PennyStocks,UPM
PennyStocks:UPM,BCV-PU,loocv_undersampled_ratio2.0,2168,2025-01-08,Hold,Hold,True,3,EMA,technical,0.004400094423726841,PennyStocks,UPM
PennyStocks:UPM,BCV-PU,loocv_undersampled_ratio2.0,2168,2025-01-08,Hold,Hold,True,15,Oil,macro,0.003972580366826151,PennyStocks,UPM
PennyStocks:UPM,BCV-PU,loocv_undersampled_ratio2.0,2168,2025-01-08,Hold,Hold,True,8,CMO,technical,0.003739204828889342,PennyStocks,UPM
PennyStocks:UPM,BCV-PU,loocv_undersampled_ratio2.0,2168,2025-01-08,Hold,Hold,True,19,Reverse Repurchase Rate (RRP),macro,0.0035313871261678288,PennyStocks,UPM
PennyStocks:UPM,BCV-PU,loocv_undersampled_ratio2.0,2168,2025-01-08,Hold,Hold,True,13,DMI,technical,0.002326550159341423,PennyStocks,UPM
PennyStocks:UPM,BCV-PU,loocv_undersampled_ratio2.0,2168,2025-01-08,Hold,Hold,True,10,PPO,technical,0.0022296981676845464,PennyStocks,UPM
PennyStocks:UPM,BCV-PU,loocv_undersampled_ratio2.0,2168,2025-01-08,Hold,Hold,True,16,Gold,macro,0.002137799207594071,PennyStocks,UPM
PennyStocks:UPM,BCV-PU,loocv_undersampled_ratio2.0,2168,2025-01-08,Hold,Hold,True,0,RSI,technical,0.0018515782670874615,PennyStocks,UPM
PennyStocks:UPM,BCV-PU,loocv_undersampled_ratio2.0,2168,2025-01-08,Hold,Hold,True,11,ROC,technical,0.001305153055000119,PennyStocks,UPM
PennyStocks:UPM,BCV-PU,loocv_undersampled_ratio2.0,2168,2025-01-08,Hold,Hold,True,9,MACD,technical,0.001243498513213126,PennyStocks,UPM
PennyStocks:UPM,BCV-PU,loocv_undersampled_ratio2.0,2168,2025-01-08,Hold,Hold,True,17,Inflation Rate,macro,0.0011545177148946095,PennyStocks,UPM
PennyStocks:UPM,BCV-PU,loocv_undersampled_ratio2.0,2169,2025-01-09,Hold,Hold,True,6,TripleEMA,technical,0.01650442424288485,PennyStocks,UPM
PennyStocks:UPM,BCV-PU,loocv_undersampled_ratio2.0,2169,2025-01-09,Hold,Hold,True,5,HMA,technical,0.010481516855543304,PennyStocks,UPM
PennyStocks:UPM,BCV-PU,loocv_undersampled_ratio2.0,2169,2025-01-09,Hold,Hold,True,18,Purchasing Power of Peso,macro,0.009200388961471618,PennyStocks,UPM
PennyStocks:UPM,BCV-PU,loocv_undersampled_ratio2.0,2169,2025-01-09,Hold,Hold,True,1,WilliamsR,technical,0.008405373551067897,PennyStocks,UPM
PennyStocks:UPM,BCV-PU,loocv_undersampled_ratio2.0,2169,2025-01-09,Hold,Hold,True,14,PSI,technical,0.0072609530652698595,PennyStocks,UPM
PennyStocks:UPM,BCV-PU,loocv_undersampled_ratio2.0,2169,2025-01-09,Hold,Hold,True,4,WMA,technical,0.005933935308712534,PennyStocks,UPM
PennyStocks:UPM,BCV-PU,loocv_undersampled_ratio2.0,2169,2025-01-09,Hold,Hold,True,12,CMFI,technical,0.00501878067443613,PennyStocks,UPM
PennyStocks:UPM,BCV-PU,loocv_undersampled_ratio2.0,2169,2025-01-09,Hold,Hold,True,2,SMA,technical,0.004777468890824821,PennyStocks,UPM
PennyStocks:UPM,BCV-PU,loocv_undersampled_ratio2.0,2169,2025-01-09,Hold,Hold,True,3,EMA,technical,0.0045384793414996235,PennyStocks,UPM
PennyStocks:UPM,BCV-PU,loocv_undersampled_ratio2.0,2169,2025-01-09,Hold,Hold,True,19,Reverse Repurchase Rate (RRP),macro,0.004436783317942172,PennyStocks,UPM
PennyStocks:UPM,BCV-PU,loocv_undersampled_ratio2.0,2169,2025-01-09,Hold,Hold,True,15,Oil,macro,0.004065156268916325,PennyStocks,UPM
PennyStocks:UPM,BCV-PU,loocv_undersampled_ratio2.0,2169,2025-01-09,Hold,Hold,True,8,CMO,technical,0.00398053241224261,PennyStocks,UPM
PennyStocks:UPM,BCV-PU,loocv_undersampled_ratio2.0,2169,2025-01-09,Hold,Hold,True,7,CCI,technical,0.0028072665678337216,PennyStocks,UPM
PennyStocks:UPM,BCV-PU,loocv_undersampled_ratio2.0,2169,2025-01-09,Hold,Hold,True,13,DMI,technical,0.0025531131534080485,PennyStocks,UPM
PennyStocks:UPM,BCV-PU,loocv_undersampled_ratio2.0,2169,2025-01-09,Hold,Hold,True,16,Gold,macro,0.002427957423060434,PennyStocks,UPM
PennyStocks:UPM,BCV-PU,loocv_undersampled_ratio2.0,2169,2025-01-09,Hold,Hold,True,10,PPO,technical,0.0023368629272226826,PennyStocks,UPM
PennyStocks:UPM,BCV-PU,loocv_undersampled_ratio2.0,2169,2025-01-09,Hold,Hold,True,17,Inflation Rate,macro,0.0014155344822938786,PennyStocks,UPM
PennyStocks:UPM,BCV-PU,loocv_undersampled_ratio2.0,2169,2025-01-09,Hold,Hold,True,0,RSI,technical,0.0013902868053264684,PennyStocks,UPM
PennyStocks:UPM,BCV-PU,loocv_undersampled_ratio2.0,2169,2025-01-09,Hold,Hold,True,9,MACD,technical,0.000999893637299465,PennyStocks,UPM
PennyStocks:UPM,BCV-PU,loocv_undersampled_ratio2.0,2169,2025-01-09,Hold,Hold,True,11,ROC,technical,0.0008959475474512146,PennyStocks,UPM
PennyStocks:UPM,BCV-PU,loocv_undersampled_ratio2.0,2173,2025-02-07,Hold,Hold,True,6,TripleEMA,technical,0.014697115222224966,PennyStocks,UPM
PennyStocks:UPM,BCV-PU,loocv_undersampled_ratio2.0,2173,2025-02-07,Hold,Hold,True,1,WilliamsR,technical,0.009782583330525086,PennyStocks,UPM
PennyStocks:UPM,BCV-PU,loocv_undersampled_ratio2.0,2173,2025-02-07,Hold,Hold,True,5,HMA,technical,0.00921796098264167,PennyStocks,UPM
PennyStocks:UPM,BCV-PU,loocv_undersampled_ratio2.0,2173,2025-02-07,Hold,Hold,True,18,Purchasing Power of Peso,macro,0.007032175915446715,PennyStocks,UPM
PennyStocks:UPM,BCV-PU,loocv_undersampled_ratio2.0,2173,2025-02-07,Hold,Hold,True,8,CMO,technical,0.005680789354664739,PennyStocks,UPM
PennyStocks:UPM,BCV-PU,loocv_undersampled_ratio2.0,2173,2025-02-07,Hold,Hold,True,4,WMA,technical,0.005558521745842882,PennyStocks,UPM
PennyStocks:UPM,BCV-PU,loocv_undersampled_ratio2.0,2173,2025-02-07,Hold,Hold,True,2,SMA,technical,0.005333527168841101,PennyStocks,UPM
PennyStocks:UPM,BCV-PU,loocv_undersampled_ratio2.0,2173,2025-02-07,Hold,Hold,True,19,Reverse Repurchase Rate (RRP),macro,0.0046847927034832535,PennyStocks,UPM
PennyStocks:UPM,BCV-PU,loocv_undersampled_ratio2.0,2173,2025-02-07,Hold,Hold,True,15,Oil,macro,0.004663599541527219,PennyStocks,UPM
PennyStocks:UPM,BCV-PU,loocv_undersampled_ratio2.0,2173,2025-02-07,Hold,Hold,True,3,EMA,technical,0.004462088254513219,PennyStocks,UPM
PennyStocks:UPM,BCV-PU,loocv_undersampled_ratio2.0,2173,2025-02-07,Hold,Hold,True,12,CMFI,technical,0.004400416360294912,PennyStocks,UPM
PennyStocks:UPM,BCV-PU,loocv_undersampled_ratio2.0,2173,2025-02-07,Hold,Hold,True,7,CCI,technical,0.004075721308618085,PennyStocks,UPM
PennyStocks:UPM,BCV-PU,loocv_undersampled_ratio2.0,2173,2025-02-07,Hold,Hold,True,14,PSI,technical,0.0034585686516948044,PennyStocks,UPM
PennyStocks:UPM,BCV-PU,loocv_undersampled_ratio2.0,2173,2025-02-07,Hold,Hold,True,13,DMI,technical,0.0028715317597743707,PennyStocks,UPM
PennyStocks:UPM,BCV-PU,loocv_undersampled_ratio2.0,2173,2025-02-07,Hold,Hold,True,10,PPO,technical,0.002660681592533365,PennyStocks,UPM
PennyStocks:UPM,BCV-PU,loocv_undersampled_ratio2.0,2173,2025-02-07,Hold,Hold,True,16,Gold,macro,0.0026124672644073144,PennyStocks,UPM
PennyStocks:UPM,BCV-PU,loocv_undersampled_ratio2.0,2173,2025-02-07,Hold,Hold,True,17,Inflation Rate,macro,0.0016940299188718199,PennyStocks,UPM
PennyStocks:UPM,BCV-PU,loocv_undersampled_ratio2.0,2173,2025-02-07,Hold,Hold,True,0,RSI,technical,0.001321190028829733,PennyStocks,UPM
PennyStocks:UPM,BCV-PU,loocv_undersampled_ratio2.0,2173,2025-02-07,Hold,Hold,True,11,ROC,technical,0.001301193845392845,PennyStocks,UPM
PennyStocks:UPM,BCV-PU,loocv_undersampled_ratio2.0,2173,2025-02-07,Hold,Hold,True,9,MACD,technical,0.0008456535662844545,PennyStocks,UPM
PennyStocks:UPM,BCV-PU,loocv_undersampled_ratio2.0,2195,2025-04-11,Hold,Hold,True,6,TripleEMA,technical,0.01164550379035063,PennyStocks,UPM
PennyStocks:UPM,BCV-PU,loocv_undersampled_ratio2.0,2195,2025-04-11,Hold,Hold,True,5,HMA,technical,0.010171018232358619,PennyStocks,UPM
PennyStocks:UPM,BCV-PU,loocv_undersampled_ratio2.0,2195,2025-04-11,Hold,Hold,True,1,WilliamsR,technical,0.009070204990530328,PennyStocks,UPM
PennyStocks:UPM,BCV-PU,loocv_undersampled_ratio2.0,2195,2025-04-11,Hold,Hold,True,18,Purchasing Power of Peso,macro,0.00867292964248918,PennyStocks,UPM
PennyStocks:UPM,BCV-PU,loocv_undersampled_ratio2.0,2195,2025-04-11,Hold,Hold,True,2,SMA,technical,0.005791319173295051,PennyStocks,UPM
PennyStocks:UPM,BCV-PU,loocv_undersampled_ratio2.0,2195,2025-04-11,Hold,Hold,True,4,WMA,technical,0.005656137301411945,PennyStocks,UPM
PennyStocks:UPM,BCV-PU,loocv_undersampled_ratio2.0,2195,2025-04-11,Hold,Hold,True,14,PSI,technical,0.005332507260027342,PennyStocks,UPM
PennyStocks:UPM,BCV-PU,loocv_undersampled_ratio2.0,2195,2025-04-11,Hold,Hold,True,3,EMA,technical,0.005223707071127137,PennyStocks,UPM
PennyStocks:UPM,BCV-PU,loocv_undersampled_ratio2.0,2195,2025-04-11,Hold,Hold,True,8,CMO,technical,0.005141596194516751,PennyStocks,UPM
PennyStocks:UPM,BCV-PU,loocv_undersampled_ratio2.0,2195,2025-04-11,Hold,Hold,True,12,CMFI,technical,0.00403638739589951,PennyStocks,UPM
PennyStocks:UPM,BCV-PU,loocv_undersampled_ratio2.0,2195,2025-04-11,Hold,Hold,True,19,Reverse Repurchase Rate (RRP),macro,0.003960374416783452,PennyStocks,UPM
PennyStocks:UPM,BCV-PU,loocv_undersampled_ratio2.0,2195,2025-04-11,Hold,Hold,True,7,CCI,technical,0.003355994935918716,PennyStocks,UPM
PennyStocks:UPM,BCV-PU,loocv_undersampled_ratio2.0,2195,2025-04-11,Hold,Hold,True,17,Inflation Rate,macro,0.002846636155663873,PennyStocks,UPM
PennyStocks:UPM,BCV-PU,loocv_undersampled_ratio2.0,2195,2025-04-11,Hold,Hold,True,10,PPO,technical,0.002488527293462539,PennyStocks,UPM
PennyStocks:UPM,BCV-PU,loocv_undersampled_ratio2.0,2195,2025-04-11,Hold,Hold,True,11,ROC,technical,0.0022252099282923155,PennyStocks,UPM
PennyStocks:UPM,BCV-PU,loocv_undersampled_ratio2.0,2195,2025-04-11,Hold,Hold,True,16,Gold,macro,0.0022182340784638655,PennyStocks,UPM
PennyStocks:UPM,BCV-PU,loocv_undersampled_ratio2.0,2195,2025-04-11,Hold,Hold,True,13,DMI,technical,0.0021320268555427902,PennyStocks,UPM
PennyStocks:UPM,BCV-PU,loocv_undersampled_ratio2.0,2195,2025-04-11,Hold,Hold,True,15,Oil,macro,0.0020895528126857244,PennyStocks,UPM
PennyStocks:UPM,BCV-PU,loocv_undersampled_ratio2.0,2195,2025-04-11,Hold,Hold,True,0,RSI,technical,0.0015304825094062835,PennyStocks,UPM
PennyStocks:UPM,BCV-PU,loocv_undersampled_ratio2.0,2195,2025-04-11,Hold,Hold,True,9,MACD,technical,0.001043942071555648,PennyStocks,UPM
PennyStocks:UPM,BCV-PU,loocv_undersampled_ratio2.0,2216,2025-06-03,Buy,Buy,True,1,WilliamsR,technical,0.05683008399792015,PennyStocks,UPM
PennyStocks:UPM,BCV-PU,loocv_undersampled_ratio2.0,2216,2025-06-03,Buy,Buy,True,6,TripleEMA,technical,0.04630935620516539,PennyStocks,UPM
PennyStocks:UPM,BCV-PU,loocv_undersampled_ratio2.0,2216,2025-06-03,Buy,Buy,True,7,CCI,technical,0.044142679593642244,PennyStocks,UPM
PennyStocks:UPM,BCV-PU,loocv_undersampled_ratio2.0,2216,2025-06-03,Buy,Buy,True,3,EMA,technical,0.02624401398934424,PennyStocks,UPM
PennyStocks:UPM,BCV-PU,loocv_undersampled_ratio2.0,2216,2025-06-03,Buy,Buy,True,4,WMA,technical,0.025960272501106375,PennyStocks,UPM
PennyStocks:UPM,BCV-PU,loocv_undersampled_ratio2.0,2216,2025-06-03,Buy,Buy,True,19,Reverse Repurchase Rate (RRP),macro,0.0254325955233071,PennyStocks,UPM
PennyStocks:UPM,BCV-PU,loocv_undersampled_ratio2.0,2216,2025-06-03,Buy,Buy,True,2,SMA,technical,0.025286459730705247,PennyStocks,UPM
PennyStocks:UPM,BCV-PU,loocv_undersampled_ratio2.0,2216,2025-06-03,Buy,Buy,True,5,HMA,technical,0.024508588307071477,PennyStocks,UPM
PennyStocks:UPM,BCV-PU,loocv_undersampled_ratio2.0,2216,2025-06-03,Buy,Buy,True,18,Purchasing Power of Peso,macro,0.023749306466197596,PennyStocks,UPM
PennyStocks:UPM,BCV-PU,loocv_undersampled_ratio2.0,2216,2025-06-03,Buy,Buy,True,8,CMO,technical,0.01878949678502977,PennyStocks,UPM
PennyStocks:UPM,BCV-PU,loocv_undersampled_ratio2.0,2216,2025-06-03,Buy,Buy,True,12,CMFI,technical,0.0179520308971405,PennyStocks,UPM
PennyStocks:UPM,BCV-PU,loocv_undersampled_ratio2.0,2216,2025-06-03,Buy,Buy,True,0,RSI,technical,0.013700675859581679,PennyStocks,UPM
PennyStocks:UPM,BCV-PU,loocv_undersampled_ratio2.0,2216,2025-06-03,Buy,Buy,True,10,PPO,technical,0.010186981613514945,PennyStocks,UPM
PennyStocks:UPM,BCV-PU,loocv_undersampled_ratio2.0,2216,2025-06-03,Buy,Buy,True,14,PSI,technical,0.00685180742166267,PennyStocks,UPM
PennyStocks:UPM,BCV-PU,loocv_undersampled_ratio2.0,2216,2025-06-03,Buy,Buy,True,13,DMI,technical,0.006792150542605668,PennyStocks,UPM
PennyStocks:UPM,BCV-PU,loocv_undersampled_ratio2.0,2216,2025-06-03,Buy,Buy,True,17,Inflation Rate,macro,0.006449667076230981,PennyStocks,UPM
PennyStocks:UPM,BCV-PU,loocv_undersampled_ratio2.0,2216,2025-06-03,Buy,Buy,True,16,Gold,macro,0.006085177944623865,PennyStocks,UPM
PennyStocks:UPM,BCV-PU,loocv_undersampled_ratio2.0,2216,2025-06-03,Buy,Buy,True,11,ROC,technical,0.005507091776235029,PennyStocks,UPM
PennyStocks:UPM,BCV-PU,loocv_undersampled_ratio2.0,2216,2025-06-03,Buy,Buy,True,15,Oil,macro,0.004891896117624128,PennyStocks,UPM
PennyStocks:UPM,BCV-PU,loocv_undersampled_ratio2.0,2216,2025-06-03,Buy,Buy,True,9,MACD,technical,0.004321324715056108,PennyStocks,UPM
